Loading project configuration... 
Success
2026-06-04 02:13:24,909	WARNING worker.py:1422 -- SIGTERM handler is not set because current thread is not the main thread.
2026-06-04 02:13:26,720	WARNING utils.py:580 -- Detecting docker specified CPUs. In previous versions of Ray, CPU detection in containers was incorrect. Please ensure that Ray has enough CPUs allocated. As a temporary workaround to revert to the prior behavior, set `RAY_USE_MULTIPROCESSING_CPU_COUNT=1` as an env var before starting Ray. Set the env var: `RAY_DISABLE_DOCKER_CPU_WARNING=1` to mute this warning.
2026-06-04 02:13:26,720	WARNING utils.py:592 -- Ray currently does not support initializing Ray with fractional cpus. Your num_cpus will be truncated from 13.6 to 13.
2026-06-04 02:13:27,889	INFO worker.py:1752 -- Started a local Ray instance.
[92mINFO [0m:      Starting Flower ServerApp, config: num_rounds=500, no round_timeout
[92mINFO [0m:      
[92mINFO [0m:      [INIT]
[92mINFO [0m:      Using initial global parameters provided by strategy
[92mINFO [0m:      Starting evaluation of initial global parameters
[92mINFO [0m:      Evaluation returned no results (`None`)
[92mINFO [0m:      
[92mINFO [0m:      [ROUND 1]
[92mINFO [0m:      configure_fit: strategy sampled 10 clients (out of 10)
[36m(ClientAppActor pid=100528)[0m Warning: You are sending unauthenticated requests to the HF Hub. Please set a HF_TOKEN to enable higher rate limits and faster downloads.
[92mINFO [0m:      aggregate_fit: received 10 results and 0 failures
[93mWARNING [0m:   No fit_metrics_aggregation_fn provided
[92mINFO [0m:      configure_evaluate: strategy sampled 10 clients (out of 10)
[92mINFO [0m:      aggregate_evaluate: received 10 results and 0 failures
/workspace/BlackCATT/blackcatt/task.py:155: UserWarning: To copy construct from a tensor, it is recommended to use sourceTensor.clone().detach() or sourceTensor.clone().detach().requires_grad_(True), rather than torch.tensor(sourceTensor).
  state_dict = OrderedDict({k: torch.tensor(v) for k, v in params_dict})
[92mINFO [0m:      
[92mINFO [0m:      [ROUND 2]
[92mINFO [0m:      configure_fit: strategy sampled 10 clients (out of 10)
[92mINFO [0m:      aggregate_fit: received 10 results and 0 failures
[92mINFO [0m:      configure_evaluate: strategy sampled 10 clients (out of 10)
[92mINFO [0m:      aggregate_evaluate: received 10 results and 0 failures
[92mINFO [0m:      
[92mINFO [0m:      [ROUND 3]
[92mINFO [0m:      configure_fit: strategy sampled 10 clients (out of 10)
[92mINFO [0m:      aggregate_fit: received 10 results and 0 failures
[92mINFO [0m:      configure_evaluate: strategy sampled 10 clients (out of 10)
[92mINFO [0m:      aggregate_evaluate: received 10 results and 0 failures
[92mINFO [0m:      
[92mINFO [0m:      [ROUND 4]
[92mINFO [0m:      configure_fit: strategy sampled 10 clients (out of 10)
[92mINFO [0m:      aggregate_fit: received 10 results and 0 failures
[92mINFO [0m:      configure_evaluate: strategy sampled 10 clients (out of 10)
[92mINFO [0m:      aggregate_evaluate: received 10 results and 0 failures
[92mINFO [0m:      
[92mINFO [0m:      [ROUND 5]
[92mINFO [0m:      configure_fit: strategy sampled 10 clients (out of 10)
[92mINFO [0m:      aggregate_fit: received 10 results and 0 failures
[92mINFO [0m:      configure_evaluate: strategy sampled 10 clients (out of 10)
[92mINFO [0m:      aggregate_evaluate: received 10 results and 0 failures
[92mINFO [0m:      
[92mINFO [0m:      [ROUND 6]
[92mINFO [0m:      configure_fit: strategy sampled 10 clients (out of 10)
[92mINFO [0m:      aggregate_fit: received 10 results and 0 failures
[92mINFO [0m:      configure_evaluate: strategy sampled 10 clients (out of 10)
[92mINFO [0m:      aggregate_evaluate: received 10 results and 0 failures
[92mINFO [0m:      
[92mINFO [0m:      [ROUND 7]
[92mINFO [0m:      configure_fit: strategy sampled 10 clients (out of 10)
[92mINFO [0m:      aggregate_fit: received 10 results and 0 failures
[92mINFO [0m:      configure_evaluate: strategy sampled 10 clients (out of 10)
[92mINFO [0m:      aggregate_evaluate: received 10 results and 0 failures
[92mINFO [0m:      
[92mINFO [0m:      [ROUND 8]
[92mINFO [0m:      configure_fit: strategy sampled 10 clients (out of 10)
[92mINFO [0m:      aggregate_fit: received 10 results and 0 failures
[92mINFO [0m:      configure_evaluate: strategy sampled 10 clients (out of 10)
[92mINFO [0m:      aggregate_evaluate: received 10 results and 0 failures
[92mINFO [0m:      
[92mINFO [0m:      [ROUND 9]
[92mINFO [0m:      configure_fit: strategy sampled 10 clients (out of 10)
[92mINFO [0m:      aggregate_fit: received 10 results and 0 failures
[92mINFO [0m:      configure_evaluate: strategy sampled 10 clients (out of 10)
[92mINFO [0m:      aggregate_evaluate: received 10 results and 0 failures
[92mINFO [0m:      
[92mINFO [0m:      [ROUND 10]
[92mINFO [0m:      configure_fit: strategy sampled 10 clients (out of 10)
[92mINFO [0m:      aggregate_fit: received 10 results and 0 failures
[92mINFO [0m:      configure_evaluate: strategy sampled 10 clients (out of 10)
[92mINFO [0m:      aggregate_evaluate: received 10 results and 0 failures
[92mINFO [0m:      
[92mINFO [0m:      [ROUND 11]
[92mINFO [0m:      configure_fit: strategy sampled 10 clients (out of 10)
[92mINFO [0m:      aggregate_fit: received 10 results and 0 failures
[92mINFO [0m:      configure_evaluate: strategy sampled 10 clients (out of 10)
[92mINFO [0m:      aggregate_evaluate: received 10 results and 0 failures
[92mINFO [0m:      
[92mINFO [0m:      [ROUND 12]
[92mINFO [0m:      configure_fit: strategy sampled 10 clients (out of 10)
[92mINFO [0m:      aggregate_fit: received 10 results and 0 failures
[92mINFO [0m:      configure_evaluate: strategy sampled 10 clients (out of 10)
[92mINFO [0m:      aggregate_evaluate: received 10 results and 0 failures
[92mINFO [0m:      
[92mINFO [0m:      [ROUND 13]
[92mINFO [0m:      configure_fit: strategy sampled 10 clients (out of 10)
[92mINFO [0m:      aggregate_fit: received 10 results and 0 failures
[92mINFO [0m:      configure_evaluate: strategy sampled 10 clients (out of 10)
[92mINFO [0m:      aggregate_evaluate: received 10 results and 0 failures
[92mINFO [0m:      
[92mINFO [0m:      [ROUND 14]
[92mINFO [0m:      configure_fit: strategy sampled 10 clients (out of 10)
[92mINFO [0m:      aggregate_fit: received 10 results and 0 failures
[92mINFO [0m:      configure_evaluate: strategy sampled 10 clients (out of 10)
[92mINFO [0m:      aggregate_evaluate: received 10 results and 0 failures
[92mINFO [0m:      
[92mINFO [0m:      [ROUND 15]
[92mINFO [0m:      configure_fit: strategy sampled 10 clients (out of 10)
[92mINFO [0m:      aggregate_fit: received 10 results and 0 failures
[92mINFO [0m:      configure_evaluate: strategy sampled 10 clients (out of 10)
[92mINFO [0m:      aggregate_evaluate: received 10 results and 0 failures
[92mINFO [0m:      
[92mINFO [0m:      [ROUND 16]
[92mINFO [0m:      configure_fit: strategy sampled 10 clients (out of 10)
[92mINFO [0m:      aggregate_fit: received 10 results and 0 failures
[92mINFO [0m:      configure_evaluate: strategy sampled 10 clients (out of 10)
[92mINFO [0m:      aggregate_evaluate: received 10 results and 0 failures
[92mINFO [0m:      
[92mINFO [0m:      [ROUND 17]
[92mINFO [0m:      configure_fit: strategy sampled 10 clients (out of 10)
[92mINFO [0m:      aggregate_fit: received 10 results and 0 failures
[92mINFO [0m:      configure_evaluate: strategy sampled 10 clients (out of 10)
[92mINFO [0m:      aggregate_evaluate: received 10 results and 0 failures
[92mINFO [0m:      
[92mINFO [0m:      [ROUND 18]
[92mINFO [0m:      configure_fit: strategy sampled 10 clients (out of 10)
[92mINFO [0m:      aggregate_fit: received 10 results and 0 failures
[92mINFO [0m:      configure_evaluate: strategy sampled 10 clients (out of 10)
[92mINFO [0m:      aggregate_evaluate: received 10 results and 0 failures
[92mINFO [0m:      
[92mINFO [0m:      [ROUND 19]
[92mINFO [0m:      configure_fit: strategy sampled 10 clients (out of 10)
[92mINFO [0m:      aggregate_fit: received 10 results and 0 failures
[92mINFO [0m:      configure_evaluate: strategy sampled 10 clients (out of 10)
[92mINFO [0m:      aggregate_evaluate: received 10 results and 0 failures
[92mINFO [0m:      
[92mINFO [0m:      [ROUND 20]
[92mINFO [0m:      configure_fit: strategy sampled 10 clients (out of 10)
[92mINFO [0m:      aggregate_fit: received 10 results and 0 failures
[92mINFO [0m:      configure_evaluate: strategy sampled 10 clients (out of 10)
[92mINFO [0m:      aggregate_evaluate: received 10 results and 0 failures
[92mINFO [0m:      
[92mINFO [0m:      [ROUND 21]
[92mINFO [0m:      configure_fit: strategy sampled 10 clients (out of 10)
[92mINFO [0m:      aggregate_fit: received 10 results and 0 failures
[92mINFO [0m:      configure_evaluate: strategy sampled 10 clients (out of 10)
[92mINFO [0m:      aggregate_evaluate: received 10 results and 0 failures
[92mINFO [0m:      
[92mINFO [0m:      [ROUND 22]
[92mINFO [0m:      configure_fit: strategy sampled 10 clients (out of 10)
[92mINFO [0m:      aggregate_fit: received 10 results and 0 failures
[92mINFO [0m:      configure_evaluate: strategy sampled 10 clients (out of 10)
[92mINFO [0m:      aggregate_evaluate: received 10 results and 0 failures
[92mINFO [0m:      
[92mINFO [0m:      [ROUND 23]
[92mINFO [0m:      configure_fit: strategy sampled 10 clients (out of 10)
[92mINFO [0m:      aggregate_fit: received 10 results and 0 failures
[92mINFO [0m:      configure_evaluate: strategy sampled 10 clients (out of 10)
[92mINFO [0m:      aggregate_evaluate: received 10 results and 0 failures
[92mINFO [0m:      
[92mINFO [0m:      [ROUND 24]
[92mINFO [0m:      configure_fit: strategy sampled 10 clients (out of 10)
[92mINFO [0m:      aggregate_fit: received 10 results and 0 failures
[92mINFO [0m:      configure_evaluate: strategy sampled 10 clients (out of 10)
[92mINFO [0m:      aggregate_evaluate: received 10 results and 0 failures
[92mINFO [0m:      
[92mINFO [0m:      [ROUND 25]
[92mINFO [0m:      configure_fit: strategy sampled 10 clients (out of 10)
[92mINFO [0m:      aggregate_fit: received 10 results and 0 failures
[92mINFO [0m:      configure_evaluate: strategy sampled 10 clients (out of 10)
[92mINFO [0m:      aggregate_evaluate: received 10 results and 0 failures
[92mINFO [0m:      
[92mINFO [0m:      [ROUND 26]
[92mINFO [0m:      configure_fit: strategy sampled 10 clients (out of 10)
[92mINFO [0m:      aggregate_fit: received 10 results and 0 failures
[92mINFO [0m:      configure_evaluate: strategy sampled 10 clients (out of 10)
[92mINFO [0m:      aggregate_evaluate: received 10 results and 0 failures
[92mINFO [0m:      
[92mINFO [0m:      [ROUND 27]
[92mINFO [0m:      configure_fit: strategy sampled 10 clients (out of 10)
[92mINFO [0m:      aggregate_fit: received 10 results and 0 failures
[92mINFO [0m:      configure_evaluate: strategy sampled 10 clients (out of 10)
[92mINFO [0m:      aggregate_evaluate: received 10 results and 0 failures
[92mINFO [0m:      
[92mINFO [0m:      [ROUND 28]
[92mINFO [0m:      configure_fit: strategy sampled 10 clients (out of 10)
[92mINFO [0m:      aggregate_fit: received 10 results and 0 failures
[92mINFO [0m:      configure_evaluate: strategy sampled 10 clients (out of 10)
[92mINFO [0m:      aggregate_evaluate: received 10 results and 0 failures
[92mINFO [0m:      
[92mINFO [0m:      [ROUND 29]
[92mINFO [0m:      configure_fit: strategy sampled 10 clients (out of 10)
[92mINFO [0m:      aggregate_fit: received 10 results and 0 failures
[92mINFO [0m:      configure_evaluate: strategy sampled 10 clients (out of 10)
[92mINFO [0m:      aggregate_evaluate: received 10 results and 0 failures
[92mINFO [0m:      
[92mINFO [0m:      [ROUND 30]
[92mINFO [0m:      configure_fit: strategy sampled 10 clients (out of 10)
[92mINFO [0m:      aggregate_fit: received 10 results and 0 failures
[92mINFO [0m:      configure_evaluate: strategy sampled 10 clients (out of 10)
[92mINFO [0m:      aggregate_evaluate: received 10 results and 0 failures
[92mINFO [0m:      
[92mINFO [0m:      [ROUND 31]
[92mINFO [0m:      configure_fit: strategy sampled 10 clients (out of 10)
[92mINFO [0m:      aggregate_fit: received 10 results and 0 failures
[92mINFO [0m:      configure_evaluate: strategy sampled 10 clients (out of 10)
[92mINFO [0m:      aggregate_evaluate: received 10 results and 0 failures
[92mINFO [0m:      
[92mINFO [0m:      [ROUND 32]
[92mINFO [0m:      configure_fit: strategy sampled 10 clients (out of 10)
[92mINFO [0m:      aggregate_fit: received 10 results and 0 failures
[92mINFO [0m:      configure_evaluate: strategy sampled 10 clients (out of 10)
[92mINFO [0m:      aggregate_evaluate: received 10 results and 0 failures
[92mINFO [0m:      
[92mINFO [0m:      [ROUND 33]
[92mINFO [0m:      configure_fit: strategy sampled 10 clients (out of 10)
[92mINFO [0m:      aggregate_fit: received 10 results and 0 failures
[92mINFO [0m:      configure_evaluate: strategy sampled 10 clients (out of 10)
[92mINFO [0m:      aggregate_evaluate: received 10 results and 0 failures
[92mINFO [0m:      
[92mINFO [0m:      [ROUND 34]
[92mINFO [0m:      configure_fit: strategy sampled 10 clients (out of 10)
[92mINFO [0m:      aggregate_fit: received 10 results and 0 failures
[92mINFO [0m:      configure_evaluate: strategy sampled 10 clients (out of 10)
[92mINFO [0m:      aggregate_evaluate: received 10 results and 0 failures
[92mINFO [0m:      
[92mINFO [0m:      [ROUND 35]
[92mINFO [0m:      configure_fit: strategy sampled 10 clients (out of 10)
[92mINFO [0m:      aggregate_fit: received 10 results and 0 failures
[92mINFO [0m:      configure_evaluate: strategy sampled 10 clients (out of 10)
[92mINFO [0m:      aggregate_evaluate: received 10 results and 0 failures
[92mINFO [0m:      
[92mINFO [0m:      [ROUND 36]
[92mINFO [0m:      configure_fit: strategy sampled 10 clients (out of 10)
[92mINFO [0m:      aggregate_fit: received 10 results and 0 failures
[92mINFO [0m:      configure_evaluate: strategy sampled 10 clients (out of 10)
[92mINFO [0m:      aggregate_evaluate: received 10 results and 0 failures
[92mINFO [0m:      
[92mINFO [0m:      [ROUND 37]
[92mINFO [0m:      configure_fit: strategy sampled 10 clients (out of 10)
[92mINFO [0m:      aggregate_fit: received 10 results and 0 failures
[92mINFO [0m:      configure_evaluate: strategy sampled 10 clients (out of 10)
[92mINFO [0m:      aggregate_evaluate: received 10 results and 0 failures
[92mINFO [0m:      
[92mINFO [0m:      [ROUND 38]
[92mINFO [0m:      configure_fit: strategy sampled 10 clients (out of 10)
[92mINFO [0m:      aggregate_fit: received 10 results and 0 failures
[92mINFO [0m:      configure_evaluate: strategy sampled 10 clients (out of 10)
[92mINFO [0m:      aggregate_evaluate: received 10 results and 0 failures
[92mINFO [0m:      
[92mINFO [0m:      [ROUND 39]
[92mINFO [0m:      configure_fit: strategy sampled 10 clients (out of 10)
[92mINFO [0m:      aggregate_fit: received 10 results and 0 failures
[92mINFO [0m:      configure_evaluate: strategy sampled 10 clients (out of 10)
[92mINFO [0m:      aggregate_evaluate: received 10 results and 0 failures
[92mINFO [0m:      
[92mINFO [0m:      [ROUND 40]
[92mINFO [0m:      configure_fit: strategy sampled 10 clients (out of 10)
[92mINFO [0m:      aggregate_fit: received 10 results and 0 failures
[92mINFO [0m:      configure_evaluate: strategy sampled 10 clients (out of 10)
[92mINFO [0m:      aggregate_evaluate: received 10 results and 0 failures
[92mINFO [0m:      
[92mINFO [0m:      [ROUND 41]
[92mINFO [0m:      configure_fit: strategy sampled 10 clients (out of 10)
[92mINFO [0m:      aggregate_fit: received 10 results and 0 failures
[92mINFO [0m:      configure_evaluate: strategy sampled 10 clients (out of 10)
[92mINFO [0m:      aggregate_evaluate: received 10 results and 0 failures
[92mINFO [0m:      
[92mINFO [0m:      [ROUND 42]
[92mINFO [0m:      configure_fit: strategy sampled 10 clients (out of 10)
[92mINFO [0m:      aggregate_fit: received 10 results and 0 failures
[92mINFO [0m:      configure_evaluate: strategy sampled 10 clients (out of 10)
[92mINFO [0m:      aggregate_evaluate: received 10 results and 0 failures
[92mINFO [0m:      
[92mINFO [0m:      [ROUND 43]
[92mINFO [0m:      configure_fit: strategy sampled 10 clients (out of 10)
[92mINFO [0m:      aggregate_fit: received 10 results and 0 failures
[92mINFO [0m:      configure_evaluate: strategy sampled 10 clients (out of 10)
[92mINFO [0m:      aggregate_evaluate: received 10 results and 0 failures
[92mINFO [0m:      
[92mINFO [0m:      [ROUND 44]
[92mINFO [0m:      configure_fit: strategy sampled 10 clients (out of 10)
[92mINFO [0m:      aggregate_fit: received 10 results and 0 failures
[92mINFO [0m:      configure_evaluate: strategy sampled 10 clients (out of 10)
[92mINFO [0m:      aggregate_evaluate: received 10 results and 0 failures
[92mINFO [0m:      
[92mINFO [0m:      [ROUND 45]
[92mINFO [0m:      configure_fit: strategy sampled 10 clients (out of 10)
[92mINFO [0m:      aggregate_fit: received 10 results and 0 failures
[92mINFO [0m:      configure_evaluate: strategy sampled 10 clients (out of 10)
[92mINFO [0m:      aggregate_evaluate: received 10 results and 0 failures
[92mINFO [0m:      
[92mINFO [0m:      [ROUND 46]
[92mINFO [0m:      configure_fit: strategy sampled 10 clients (out of 10)
[92mINFO [0m:      aggregate_fit: received 10 results and 0 failures
[92mINFO [0m:      configure_evaluate: strategy sampled 10 clients (out of 10)
[92mINFO [0m:      aggregate_evaluate: received 10 results and 0 failures
[92mINFO [0m:      
[92mINFO [0m:      [ROUND 47]
[92mINFO [0m:      configure_fit: strategy sampled 10 clients (out of 10)
[92mINFO [0m:      aggregate_fit: received 10 results and 0 failures
[92mINFO [0m:      configure_evaluate: strategy sampled 10 clients (out of 10)
[92mINFO [0m:      aggregate_evaluate: received 10 results and 0 failures
[92mINFO [0m:      
[92mINFO [0m:      [ROUND 48]
[92mINFO [0m:      configure_fit: strategy sampled 10 clients (out of 10)
[92mINFO [0m:      aggregate_fit: received 10 results and 0 failures
[92mINFO [0m:      configure_evaluate: strategy sampled 10 clients (out of 10)
[92mINFO [0m:      aggregate_evaluate: received 10 results and 0 failures
[92mINFO [0m:      
[92mINFO [0m:      [ROUND 49]
[92mINFO [0m:      configure_fit: strategy sampled 10 clients (out of 10)
[92mINFO [0m:      aggregate_fit: received 10 results and 0 failures
[92mINFO [0m:      configure_evaluate: strategy sampled 10 clients (out of 10)
[92mINFO [0m:      aggregate_evaluate: received 10 results and 0 failures
[92mINFO [0m:      
[92mINFO [0m:      [ROUND 50]
[92mINFO [0m:      configure_fit: strategy sampled 10 clients (out of 10)
[92mINFO [0m:      aggregate_fit: received 10 results and 0 failures
[92mINFO [0m:      configure_evaluate: strategy sampled 10 clients (out of 10)
[92mINFO [0m:      aggregate_evaluate: received 10 results and 0 failures
[92mINFO [0m:      
[92mINFO [0m:      [ROUND 51]
[92mINFO [0m:      configure_fit: strategy sampled 10 clients (out of 10)
[92mINFO [0m:      aggregate_fit: received 10 results and 0 failures
[92mINFO [0m:      configure_evaluate: strategy sampled 10 clients (out of 10)
[92mINFO [0m:      aggregate_evaluate: received 10 results and 0 failures
[92mINFO [0m:      
[92mINFO [0m:      [ROUND 52]
[92mINFO [0m:      configure_fit: strategy sampled 10 clients (out of 10)
[92mINFO [0m:      aggregate_fit: received 10 results and 0 failures
[92mINFO [0m:      configure_evaluate: strategy sampled 10 clients (out of 10)
[92mINFO [0m:      aggregate_evaluate: received 10 results and 0 failures
[92mINFO [0m:      
[92mINFO [0m:      [ROUND 53]
[92mINFO [0m:      configure_fit: strategy sampled 10 clients (out of 10)
[92mINFO [0m:      aggregate_fit: received 10 results and 0 failures
[92mINFO [0m:      configure_evaluate: strategy sampled 10 clients (out of 10)
[92mINFO [0m:      aggregate_evaluate: received 10 results and 0 failures
[92mINFO [0m:      
[92mINFO [0m:      [ROUND 54]
[92mINFO [0m:      configure_fit: strategy sampled 10 clients (out of 10)
[92mINFO [0m:      aggregate_fit: received 10 results and 0 failures
[92mINFO [0m:      configure_evaluate: strategy sampled 10 clients (out of 10)
[92mINFO [0m:      aggregate_evaluate: received 10 results and 0 failures
[92mINFO [0m:      
[92mINFO [0m:      [ROUND 55]
[92mINFO [0m:      configure_fit: strategy sampled 10 clients (out of 10)
[92mINFO [0m:      aggregate_fit: received 10 results and 0 failures
[92mINFO [0m:      configure_evaluate: strategy sampled 10 clients (out of 10)
[92mINFO [0m:      aggregate_evaluate: received 10 results and 0 failures
[92mINFO [0m:      
[92mINFO [0m:      [ROUND 56]
[92mINFO [0m:      configure_fit: strategy sampled 10 clients (out of 10)
[92mINFO [0m:      aggregate_fit: received 10 results and 0 failures
[92mINFO [0m:      configure_evaluate: strategy sampled 10 clients (out of 10)
[92mINFO [0m:      aggregate_evaluate: received 10 results and 0 failures
[92mINFO [0m:      
[92mINFO [0m:      [ROUND 57]
[92mINFO [0m:      configure_fit: strategy sampled 10 clients (out of 10)
[92mINFO [0m:      aggregate_fit: received 10 results and 0 failures
[92mINFO [0m:      configure_evaluate: strategy sampled 10 clients (out of 10)
[92mINFO [0m:      aggregate_evaluate: received 10 results and 0 failures
[92mINFO [0m:      
[92mINFO [0m:      [ROUND 58]
[92mINFO [0m:      configure_fit: strategy sampled 10 clients (out of 10)
[92mINFO [0m:      aggregate_fit: received 10 results and 0 failures
[92mINFO [0m:      configure_evaluate: strategy sampled 10 clients (out of 10)
[92mINFO [0m:      aggregate_evaluate: received 10 results and 0 failures
[92mINFO [0m:      
[92mINFO [0m:      [ROUND 59]
[92mINFO [0m:      configure_fit: strategy sampled 10 clients (out of 10)
[92mINFO [0m:      aggregate_fit: received 10 results and 0 failures
[92mINFO [0m:      configure_evaluate: strategy sampled 10 clients (out of 10)
[92mINFO [0m:      aggregate_evaluate: received 10 results and 0 failures
[92mINFO [0m:      
[92mINFO [0m:      [ROUND 60]
[92mINFO [0m:      configure_fit: strategy sampled 10 clients (out of 10)
[92mINFO [0m:      aggregate_fit: received 10 results and 0 failures
[92mINFO [0m:      configure_evaluate: strategy sampled 10 clients (out of 10)
[92mINFO [0m:      aggregate_evaluate: received 10 results and 0 failures
[92mINFO [0m:      
[92mINFO [0m:      [ROUND 61]
[92mINFO [0m:      configure_fit: strategy sampled 10 clients (out of 10)
[92mINFO [0m:      aggregate_fit: received 10 results and 0 failures
[92mINFO [0m:      configure_evaluate: strategy sampled 10 clients (out of 10)
[92mINFO [0m:      aggregate_evaluate: received 10 results and 0 failures
[92mINFO [0m:      
[92mINFO [0m:      [ROUND 62]
[92mINFO [0m:      configure_fit: strategy sampled 10 clients (out of 10)
[92mINFO [0m:      aggregate_fit: received 10 results and 0 failures
[92mINFO [0m:      configure_evaluate: strategy sampled 10 clients (out of 10)
[92mINFO [0m:      aggregate_evaluate: received 10 results and 0 failures
[92mINFO [0m:      
[92mINFO [0m:      [ROUND 63]
[92mINFO [0m:      configure_fit: strategy sampled 10 clients (out of 10)
[92mINFO [0m:      aggregate_fit: received 10 results and 0 failures
[92mINFO [0m:      configure_evaluate: strategy sampled 10 clients (out of 10)
[92mINFO [0m:      aggregate_evaluate: received 10 results and 0 failures
[92mINFO [0m:      
[92mINFO [0m:      [ROUND 64]
[92mINFO [0m:      configure_fit: strategy sampled 10 clients (out of 10)
[92mINFO [0m:      aggregate_fit: received 10 results and 0 failures
[92mINFO [0m:      configure_evaluate: strategy sampled 10 clients (out of 10)
[92mINFO [0m:      aggregate_evaluate: received 10 results and 0 failures
[92mINFO [0m:      
[92mINFO [0m:      [ROUND 65]
[92mINFO [0m:      configure_fit: strategy sampled 10 clients (out of 10)
[92mINFO [0m:      aggregate_fit: received 10 results and 0 failures
[92mINFO [0m:      configure_evaluate: strategy sampled 10 clients (out of 10)
[92mINFO [0m:      aggregate_evaluate: received 10 results and 0 failures
[92mINFO [0m:      
[92mINFO [0m:      [ROUND 66]
[92mINFO [0m:      configure_fit: strategy sampled 10 clients (out of 10)
[92mINFO [0m:      aggregate_fit: received 10 results and 0 failures
[92mINFO [0m:      configure_evaluate: strategy sampled 10 clients (out of 10)
[92mINFO [0m:      aggregate_evaluate: received 10 results and 0 failures
[92mINFO [0m:      
[92mINFO [0m:      [ROUND 67]
[92mINFO [0m:      configure_fit: strategy sampled 10 clients (out of 10)
[92mINFO [0m:      aggregate_fit: received 10 results and 0 failures
[92mINFO [0m:      configure_evaluate: strategy sampled 10 clients (out of 10)
[92mINFO [0m:      aggregate_evaluate: received 10 results and 0 failures
[92mINFO [0m:      
[92mINFO [0m:      [ROUND 68]
[92mINFO [0m:      configure_fit: strategy sampled 10 clients (out of 10)
[92mINFO [0m:      aggregate_fit: received 10 results and 0 failures
[92mINFO [0m:      configure_evaluate: strategy sampled 10 clients (out of 10)
[92mINFO [0m:      aggregate_evaluate: received 10 results and 0 failures
[92mINFO [0m:      
[92mINFO [0m:      [ROUND 69]
[92mINFO [0m:      configure_fit: strategy sampled 10 clients (out of 10)
[92mINFO [0m:      aggregate_fit: received 10 results and 0 failures
[92mINFO [0m:      configure_evaluate: strategy sampled 10 clients (out of 10)
[92mINFO [0m:      aggregate_evaluate: received 10 results and 0 failures
[92mINFO [0m:      
[92mINFO [0m:      [ROUND 70]
[92mINFO [0m:      configure_fit: strategy sampled 10 clients (out of 10)
[92mINFO [0m:      aggregate_fit: received 10 results and 0 failures
[92mINFO [0m:      configure_evaluate: strategy sampled 10 clients (out of 10)
[92mINFO [0m:      aggregate_evaluate: received 10 results and 0 failures
[92mINFO [0m:      
[92mINFO [0m:      [ROUND 71]
[92mINFO [0m:      configure_fit: strategy sampled 10 clients (out of 10)
[92mINFO [0m:      aggregate_fit: received 10 results and 0 failures
[92mINFO [0m:      configure_evaluate: strategy sampled 10 clients (out of 10)
[92mINFO [0m:      aggregate_evaluate: received 10 results and 0 failures
[92mINFO [0m:      
[92mINFO [0m:      [ROUND 72]
[92mINFO [0m:      configure_fit: strategy sampled 10 clients (out of 10)
[92mINFO [0m:      aggregate_fit: received 10 results and 0 failures
[92mINFO [0m:      configure_evaluate: strategy sampled 10 clients (out of 10)
[92mINFO [0m:      aggregate_evaluate: received 10 results and 0 failures
[92mINFO [0m:      
[92mINFO [0m:      [ROUND 73]
[92mINFO [0m:      configure_fit: strategy sampled 10 clients (out of 10)
[92mINFO [0m:      aggregate_fit: received 10 results and 0 failures
[92mINFO [0m:      configure_evaluate: strategy sampled 10 clients (out of 10)
[92mINFO [0m:      aggregate_evaluate: received 10 results and 0 failures
[92mINFO [0m:      
[92mINFO [0m:      [ROUND 74]
[92mINFO [0m:      configure_fit: strategy sampled 10 clients (out of 10)
[92mINFO [0m:      aggregate_fit: received 10 results and 0 failures
[92mINFO [0m:      configure_evaluate: strategy sampled 10 clients (out of 10)
[92mINFO [0m:      aggregate_evaluate: received 10 results and 0 failures
[92mINFO [0m:      
[92mINFO [0m:      [ROUND 75]
[92mINFO [0m:      configure_fit: strategy sampled 10 clients (out of 10)
[92mINFO [0m:      aggregate_fit: received 10 results and 0 failures
[92mINFO [0m:      configure_evaluate: strategy sampled 10 clients (out of 10)
[92mINFO [0m:      aggregate_evaluate: received 10 results and 0 failures
[92mINFO [0m:      
[92mINFO [0m:      [ROUND 76]
[92mINFO [0m:      configure_fit: strategy sampled 10 clients (out of 10)
[92mINFO [0m:      aggregate_fit: received 10 results and 0 failures
[92mINFO [0m:      configure_evaluate: strategy sampled 10 clients (out of 10)
[92mINFO [0m:      aggregate_evaluate: received 10 results and 0 failures
[92mINFO [0m:      
[92mINFO [0m:      [ROUND 77]
[92mINFO [0m:      configure_fit: strategy sampled 10 clients (out of 10)
[92mINFO [0m:      aggregate_fit: received 10 results and 0 failures
[92mINFO [0m:      configure_evaluate: strategy sampled 10 clients (out of 10)
[92mINFO [0m:      aggregate_evaluate: received 10 results and 0 failures
[92mINFO [0m:      
[92mINFO [0m:      [ROUND 78]
[92mINFO [0m:      configure_fit: strategy sampled 10 clients (out of 10)
[92mINFO [0m:      aggregate_fit: received 10 results and 0 failures
[92mINFO [0m:      configure_evaluate: strategy sampled 10 clients (out of 10)
[92mINFO [0m:      aggregate_evaluate: received 10 results and 0 failures
[92mINFO [0m:      
[92mINFO [0m:      [ROUND 79]
[92mINFO [0m:      configure_fit: strategy sampled 10 clients (out of 10)
[92mINFO [0m:      aggregate_fit: received 10 results and 0 failures
[92mINFO [0m:      configure_evaluate: strategy sampled 10 clients (out of 10)
[92mINFO [0m:      aggregate_evaluate: received 10 results and 0 failures
[92mINFO [0m:      
[92mINFO [0m:      [ROUND 80]
[92mINFO [0m:      configure_fit: strategy sampled 10 clients (out of 10)
[92mINFO [0m:      aggregate_fit: received 10 results and 0 failures
[92mINFO [0m:      configure_evaluate: strategy sampled 10 clients (out of 10)
[92mINFO [0m:      aggregate_evaluate: received 10 results and 0 failures
[92mINFO [0m:      
[92mINFO [0m:      [ROUND 81]
[92mINFO [0m:      configure_fit: strategy sampled 10 clients (out of 10)
[92mINFO [0m:      aggregate_fit: received 10 results and 0 failures
[92mINFO [0m:      configure_evaluate: strategy sampled 10 clients (out of 10)
[92mINFO [0m:      aggregate_evaluate: received 10 results and 0 failures
[92mINFO [0m:      
[92mINFO [0m:      [ROUND 82]
[92mINFO [0m:      configure_fit: strategy sampled 10 clients (out of 10)
[92mINFO [0m:      aggregate_fit: received 10 results and 0 failures
[92mINFO [0m:      configure_evaluate: strategy sampled 10 clients (out of 10)
[92mINFO [0m:      aggregate_evaluate: received 10 results and 0 failures
[92mINFO [0m:      
[92mINFO [0m:      [ROUND 83]
[92mINFO [0m:      configure_fit: strategy sampled 10 clients (out of 10)
[92mINFO [0m:      aggregate_fit: received 10 results and 0 failures
[92mINFO [0m:      configure_evaluate: strategy sampled 10 clients (out of 10)
[92mINFO [0m:      aggregate_evaluate: received 10 results and 0 failures
[92mINFO [0m:      
[92mINFO [0m:      [ROUND 84]
[92mINFO [0m:      configure_fit: strategy sampled 10 clients (out of 10)
[92mINFO [0m:      aggregate_fit: received 10 results and 0 failures
[92mINFO [0m:      configure_evaluate: strategy sampled 10 clients (out of 10)
[92mINFO [0m:      aggregate_evaluate: received 10 results and 0 failures
[92mINFO [0m:      
[92mINFO [0m:      [ROUND 85]
[92mINFO [0m:      configure_fit: strategy sampled 10 clients (out of 10)
[92mINFO [0m:      aggregate_fit: received 10 results and 0 failures
[92mINFO [0m:      configure_evaluate: strategy sampled 10 clients (out of 10)
[92mINFO [0m:      aggregate_evaluate: received 10 results and 0 failures
[92mINFO [0m:      
[92mINFO [0m:      [ROUND 86]
[92mINFO [0m:      configure_fit: strategy sampled 10 clients (out of 10)
[92mINFO [0m:      aggregate_fit: received 10 results and 0 failures
[92mINFO [0m:      configure_evaluate: strategy sampled 10 clients (out of 10)
[92mINFO [0m:      aggregate_evaluate: received 10 results and 0 failures
[92mINFO [0m:      
[92mINFO [0m:      [ROUND 87]
[92mINFO [0m:      configure_fit: strategy sampled 10 clients (out of 10)
[92mINFO [0m:      aggregate_fit: received 10 results and 0 failures
[92mINFO [0m:      configure_evaluate: strategy sampled 10 clients (out of 10)
[92mINFO [0m:      aggregate_evaluate: received 10 results and 0 failures
[92mINFO [0m:      
[92mINFO [0m:      [ROUND 88]
[92mINFO [0m:      configure_fit: strategy sampled 10 clients (out of 10)
[92mINFO [0m:      aggregate_fit: received 10 results and 0 failures
[92mINFO [0m:      configure_evaluate: strategy sampled 10 clients (out of 10)
[92mINFO [0m:      aggregate_evaluate: received 10 results and 0 failures
[92mINFO [0m:      
[92mINFO [0m:      [ROUND 89]
[92mINFO [0m:      configure_fit: strategy sampled 10 clients (out of 10)
[92mINFO [0m:      aggregate_fit: received 10 results and 0 failures
[92mINFO [0m:      configure_evaluate: strategy sampled 10 clients (out of 10)
[92mINFO [0m:      aggregate_evaluate: received 10 results and 0 failures
[92mINFO [0m:      
[92mINFO [0m:      [ROUND 90]
[92mINFO [0m:      configure_fit: strategy sampled 10 clients (out of 10)
[92mINFO [0m:      aggregate_fit: received 10 results and 0 failures
[92mINFO [0m:      configure_evaluate: strategy sampled 10 clients (out of 10)
[92mINFO [0m:      aggregate_evaluate: received 10 results and 0 failures
[92mINFO [0m:      
[92mINFO [0m:      [ROUND 91]
[92mINFO [0m:      configure_fit: strategy sampled 10 clients (out of 10)
[92mINFO [0m:      aggregate_fit: received 10 results and 0 failures
[92mINFO [0m:      configure_evaluate: strategy sampled 10 clients (out of 10)
[92mINFO [0m:      aggregate_evaluate: received 10 results and 0 failures
[92mINFO [0m:      
[92mINFO [0m:      [ROUND 92]
[92mINFO [0m:      configure_fit: strategy sampled 10 clients (out of 10)
[92mINFO [0m:      aggregate_fit: received 10 results and 0 failures
[92mINFO [0m:      configure_evaluate: strategy sampled 10 clients (out of 10)
[92mINFO [0m:      aggregate_evaluate: received 10 results and 0 failures
[92mINFO [0m:      
[92mINFO [0m:      [ROUND 93]
[92mINFO [0m:      configure_fit: strategy sampled 10 clients (out of 10)
[92mINFO [0m:      aggregate_fit: received 10 results and 0 failures
[92mINFO [0m:      configure_evaluate: strategy sampled 10 clients (out of 10)
[92mINFO [0m:      aggregate_evaluate: received 10 results and 0 failures
[92mINFO [0m:      
[92mINFO [0m:      [ROUND 94]
[92mINFO [0m:      configure_fit: strategy sampled 10 clients (out of 10)
[92mINFO [0m:      aggregate_fit: received 10 results and 0 failures
[92mINFO [0m:      configure_evaluate: strategy sampled 10 clients (out of 10)
[92mINFO [0m:      aggregate_evaluate: received 10 results and 0 failures
[92mINFO [0m:      
[92mINFO [0m:      [ROUND 95]
[92mINFO [0m:      configure_fit: strategy sampled 10 clients (out of 10)
[92mINFO [0m:      aggregate_fit: received 10 results and 0 failures
[92mINFO [0m:      configure_evaluate: strategy sampled 10 clients (out of 10)
[92mINFO [0m:      aggregate_evaluate: received 10 results and 0 failures
[92mINFO [0m:      
[92mINFO [0m:      [ROUND 96]
[92mINFO [0m:      configure_fit: strategy sampled 10 clients (out of 10)
[92mINFO [0m:      aggregate_fit: received 10 results and 0 failures
[92mINFO [0m:      configure_evaluate: strategy sampled 10 clients (out of 10)
[92mINFO [0m:      aggregate_evaluate: received 10 results and 0 failures
[92mINFO [0m:      
[92mINFO [0m:      [ROUND 97]
[92mINFO [0m:      configure_fit: strategy sampled 10 clients (out of 10)
[92mINFO [0m:      aggregate_fit: received 10 results and 0 failures
[92mINFO [0m:      configure_evaluate: strategy sampled 10 clients (out of 10)
[92mINFO [0m:      aggregate_evaluate: received 10 results and 0 failures
[92mINFO [0m:      
[92mINFO [0m:      [ROUND 98]
[92mINFO [0m:      configure_fit: strategy sampled 10 clients (out of 10)
[92mINFO [0m:      aggregate_fit: received 10 results and 0 failures
[92mINFO [0m:      configure_evaluate: strategy sampled 10 clients (out of 10)
[92mINFO [0m:      aggregate_evaluate: received 10 results and 0 failures
[92mINFO [0m:      
[92mINFO [0m:      [ROUND 99]
[92mINFO [0m:      configure_fit: strategy sampled 10 clients (out of 10)
[92mINFO [0m:      aggregate_fit: received 10 results and 0 failures
[92mINFO [0m:      configure_evaluate: strategy sampled 10 clients (out of 10)
[92mINFO [0m:      aggregate_evaluate: received 10 results and 0 failures
[92mINFO [0m:      
[92mINFO [0m:      [ROUND 100]
[92mINFO [0m:      configure_fit: strategy sampled 10 clients (out of 10)
[92mINFO [0m:      aggregate_fit: received 10 results and 0 failures
[92mINFO [0m:      configure_evaluate: strategy sampled 10 clients (out of 10)
[92mINFO [0m:      aggregate_evaluate: received 10 results and 0 failures
[92mINFO [0m:      
[92mINFO [0m:      [ROUND 101]
[92mINFO [0m:      configure_fit: strategy sampled 10 clients (out of 10)
[92mINFO [0m:      aggregate_fit: received 10 results and 0 failures
[92mINFO [0m:      configure_evaluate: strategy sampled 10 clients (out of 10)
[92mINFO [0m:      aggregate_evaluate: received 10 results and 0 failures
[92mINFO [0m:      
[92mINFO [0m:      [ROUND 102]
[92mINFO [0m:      configure_fit: strategy sampled 10 clients (out of 10)
[92mINFO [0m:      aggregate_fit: received 10 results and 0 failures
[92mINFO [0m:      configure_evaluate: strategy sampled 10 clients (out of 10)
[92mINFO [0m:      aggregate_evaluate: received 10 results and 0 failures
[92mINFO [0m:      
[92mINFO [0m:      [ROUND 103]
[92mINFO [0m:      configure_fit: strategy sampled 10 clients (out of 10)
[92mINFO [0m:      aggregate_fit: received 10 results and 0 failures
[92mINFO [0m:      configure_evaluate: strategy sampled 10 clients (out of 10)
[92mINFO [0m:      aggregate_evaluate: received 10 results and 0 failures
[92mINFO [0m:      
[92mINFO [0m:      [ROUND 104]
[92mINFO [0m:      configure_fit: strategy sampled 10 clients (out of 10)
[92mINFO [0m:      aggregate_fit: received 10 results and 0 failures
[92mINFO [0m:      configure_evaluate: strategy sampled 10 clients (out of 10)
[92mINFO [0m:      aggregate_evaluate: received 10 results and 0 failures
[92mINFO [0m:      
[92mINFO [0m:      [ROUND 105]
[92mINFO [0m:      configure_fit: strategy sampled 10 clients (out of 10)
[92mINFO [0m:      aggregate_fit: received 10 results and 0 failures
[92mINFO [0m:      configure_evaluate: strategy sampled 10 clients (out of 10)
[92mINFO [0m:      aggregate_evaluate: received 10 results and 0 failures
[92mINFO [0m:      
[92mINFO [0m:      [ROUND 106]
[92mINFO [0m:      configure_fit: strategy sampled 10 clients (out of 10)
[92mINFO [0m:      aggregate_fit: received 10 results and 0 failures
[92mINFO [0m:      configure_evaluate: strategy sampled 10 clients (out of 10)
[92mINFO [0m:      aggregate_evaluate: received 10 results and 0 failures
[92mINFO [0m:      
[92mINFO [0m:      [ROUND 107]
[92mINFO [0m:      configure_fit: strategy sampled 10 clients (out of 10)
[92mINFO [0m:      aggregate_fit: received 10 results and 0 failures
[92mINFO [0m:      configure_evaluate: strategy sampled 10 clients (out of 10)
[92mINFO [0m:      aggregate_evaluate: received 10 results and 0 failures
[92mINFO [0m:      
[92mINFO [0m:      [ROUND 108]
[92mINFO [0m:      configure_fit: strategy sampled 10 clients (out of 10)
[92mINFO [0m:      aggregate_fit: received 10 results and 0 failures
[92mINFO [0m:      configure_evaluate: strategy sampled 10 clients (out of 10)
[92mINFO [0m:      aggregate_evaluate: received 10 results and 0 failures
[92mINFO [0m:      
[92mINFO [0m:      [ROUND 109]
[92mINFO [0m:      configure_fit: strategy sampled 10 clients (out of 10)
[92mINFO [0m:      aggregate_fit: received 10 results and 0 failures
[92mINFO [0m:      configure_evaluate: strategy sampled 10 clients (out of 10)
[92mINFO [0m:      aggregate_evaluate: received 10 results and 0 failures
[92mINFO [0m:      
[92mINFO [0m:      [ROUND 110]
[92mINFO [0m:      configure_fit: strategy sampled 10 clients (out of 10)
[92mINFO [0m:      aggregate_fit: received 10 results and 0 failures
[92mINFO [0m:      configure_evaluate: strategy sampled 10 clients (out of 10)
[92mINFO [0m:      aggregate_evaluate: received 10 results and 0 failures
[92mINFO [0m:      
[92mINFO [0m:      [ROUND 111]
[92mINFO [0m:      configure_fit: strategy sampled 10 clients (out of 10)
[92mINFO [0m:      aggregate_fit: received 10 results and 0 failures
[92mINFO [0m:      configure_evaluate: strategy sampled 10 clients (out of 10)
[92mINFO [0m:      aggregate_evaluate: received 10 results and 0 failures
[92mINFO [0m:      
[92mINFO [0m:      [ROUND 112]
[92mINFO [0m:      configure_fit: strategy sampled 10 clients (out of 10)
[92mINFO [0m:      aggregate_fit: received 10 results and 0 failures
[92mINFO [0m:      configure_evaluate: strategy sampled 10 clients (out of 10)
[92mINFO [0m:      aggregate_evaluate: received 10 results and 0 failures
[92mINFO [0m:      
[92mINFO [0m:      [ROUND 113]
[92mINFO [0m:      configure_fit: strategy sampled 10 clients (out of 10)
[92mINFO [0m:      aggregate_fit: received 10 results and 0 failures
[92mINFO [0m:      configure_evaluate: strategy sampled 10 clients (out of 10)
[92mINFO [0m:      aggregate_evaluate: received 10 results and 0 failures
[92mINFO [0m:      
[92mINFO [0m:      [ROUND 114]
[92mINFO [0m:      configure_fit: strategy sampled 10 clients (out of 10)
[92mINFO [0m:      aggregate_fit: received 10 results and 0 failures
[92mINFO [0m:      configure_evaluate: strategy sampled 10 clients (out of 10)
[92mINFO [0m:      aggregate_evaluate: received 10 results and 0 failures
[92mINFO [0m:      
[92mINFO [0m:      [ROUND 115]
[92mINFO [0m:      configure_fit: strategy sampled 10 clients (out of 10)
[92mINFO [0m:      aggregate_fit: received 10 results and 0 failures
[92mINFO [0m:      configure_evaluate: strategy sampled 10 clients (out of 10)
[92mINFO [0m:      aggregate_evaluate: received 10 results and 0 failures
[92mINFO [0m:      
[92mINFO [0m:      [ROUND 116]
[92mINFO [0m:      configure_fit: strategy sampled 10 clients (out of 10)
[92mINFO [0m:      aggregate_fit: received 10 results and 0 failures
[92mINFO [0m:      configure_evaluate: strategy sampled 10 clients (out of 10)
[92mINFO [0m:      aggregate_evaluate: received 10 results and 0 failures
[92mINFO [0m:      
[92mINFO [0m:      [ROUND 117]
[92mINFO [0m:      configure_fit: strategy sampled 10 clients (out of 10)
[92mINFO [0m:      aggregate_fit: received 10 results and 0 failures
[92mINFO [0m:      configure_evaluate: strategy sampled 10 clients (out of 10)
[92mINFO [0m:      aggregate_evaluate: received 10 results and 0 failures
[92mINFO [0m:      
[92mINFO [0m:      [ROUND 118]
[92mINFO [0m:      configure_fit: strategy sampled 10 clients (out of 10)
[92mINFO [0m:      aggregate_fit: received 10 results and 0 failures
[92mINFO [0m:      configure_evaluate: strategy sampled 10 clients (out of 10)
[92mINFO [0m:      aggregate_evaluate: received 10 results and 0 failures
[92mINFO [0m:      
[92mINFO [0m:      [ROUND 119]
[92mINFO [0m:      configure_fit: strategy sampled 10 clients (out of 10)
[92mINFO [0m:      aggregate_fit: received 10 results and 0 failures
[92mINFO [0m:      configure_evaluate: strategy sampled 10 clients (out of 10)
[92mINFO [0m:      aggregate_evaluate: received 10 results and 0 failures
[92mINFO [0m:      
[92mINFO [0m:      [ROUND 120]
[92mINFO [0m:      configure_fit: strategy sampled 10 clients (out of 10)
[92mINFO [0m:      aggregate_fit: received 10 results and 0 failures
[92mINFO [0m:      configure_evaluate: strategy sampled 10 clients (out of 10)
[92mINFO [0m:      aggregate_evaluate: received 10 results and 0 failures
[92mINFO [0m:      
[92mINFO [0m:      [ROUND 121]
[92mINFO [0m:      configure_fit: strategy sampled 10 clients (out of 10)
[92mINFO [0m:      aggregate_fit: received 10 results and 0 failures
[92mINFO [0m:      configure_evaluate: strategy sampled 10 clients (out of 10)
[92mINFO [0m:      aggregate_evaluate: received 10 results and 0 failures
[92mINFO [0m:      
[92mINFO [0m:      [ROUND 122]
[92mINFO [0m:      configure_fit: strategy sampled 10 clients (out of 10)
[92mINFO [0m:      aggregate_fit: received 10 results and 0 failures
[92mINFO [0m:      configure_evaluate: strategy sampled 10 clients (out of 10)
[92mINFO [0m:      aggregate_evaluate: received 10 results and 0 failures
[92mINFO [0m:      
[92mINFO [0m:      [ROUND 123]
[92mINFO [0m:      configure_fit: strategy sampled 10 clients (out of 10)
[92mINFO [0m:      aggregate_fit: received 10 results and 0 failures
[92mINFO [0m:      configure_evaluate: strategy sampled 10 clients (out of 10)
[92mINFO [0m:      aggregate_evaluate: received 10 results and 0 failures
[92mINFO [0m:      
[92mINFO [0m:      [ROUND 124]
[92mINFO [0m:      configure_fit: strategy sampled 10 clients (out of 10)
[92mINFO [0m:      aggregate_fit: received 10 results and 0 failures
[92mINFO [0m:      configure_evaluate: strategy sampled 10 clients (out of 10)
[92mINFO [0m:      aggregate_evaluate: received 10 results and 0 failures
[92mINFO [0m:      
[92mINFO [0m:      [ROUND 125]
[92mINFO [0m:      configure_fit: strategy sampled 10 clients (out of 10)
[92mINFO [0m:      aggregate_fit: received 10 results and 0 failures
[92mINFO [0m:      configure_evaluate: strategy sampled 10 clients (out of 10)
[92mINFO [0m:      aggregate_evaluate: received 10 results and 0 failures
[92mINFO [0m:      
[92mINFO [0m:      [ROUND 126]
[92mINFO [0m:      configure_fit: strategy sampled 10 clients (out of 10)
[92mINFO [0m:      aggregate_fit: received 10 results and 0 failures
[92mINFO [0m:      configure_evaluate: strategy sampled 10 clients (out of 10)
[92mINFO [0m:      aggregate_evaluate: received 10 results and 0 failures
[92mINFO [0m:      
[92mINFO [0m:      [ROUND 127]
[92mINFO [0m:      configure_fit: strategy sampled 10 clients (out of 10)
[92mINFO [0m:      aggregate_fit: received 10 results and 0 failures
[92mINFO [0m:      configure_evaluate: strategy sampled 10 clients (out of 10)
[92mINFO [0m:      aggregate_evaluate: received 10 results and 0 failures
[92mINFO [0m:      
[92mINFO [0m:      [ROUND 128]
[92mINFO [0m:      configure_fit: strategy sampled 10 clients (out of 10)
[92mINFO [0m:      aggregate_fit: received 10 results and 0 failures
[92mINFO [0m:      configure_evaluate: strategy sampled 10 clients (out of 10)
[92mINFO [0m:      aggregate_evaluate: received 10 results and 0 failures
[92mINFO [0m:      
[92mINFO [0m:      [ROUND 129]
[92mINFO [0m:      configure_fit: strategy sampled 10 clients (out of 10)
[92mINFO [0m:      aggregate_fit: received 10 results and 0 failures
[92mINFO [0m:      configure_evaluate: strategy sampled 10 clients (out of 10)
[92mINFO [0m:      aggregate_evaluate: received 10 results and 0 failures
[92mINFO [0m:      
[92mINFO [0m:      [ROUND 130]
[92mINFO [0m:      configure_fit: strategy sampled 10 clients (out of 10)
[92mINFO [0m:      aggregate_fit: received 10 results and 0 failures
[92mINFO [0m:      configure_evaluate: strategy sampled 10 clients (out of 10)
[92mINFO [0m:      aggregate_evaluate: received 10 results and 0 failures
[92mINFO [0m:      
[92mINFO [0m:      [ROUND 131]
[92mINFO [0m:      configure_fit: strategy sampled 10 clients (out of 10)
[92mINFO [0m:      aggregate_fit: received 10 results and 0 failures
[92mINFO [0m:      configure_evaluate: strategy sampled 10 clients (out of 10)
[92mINFO [0m:      aggregate_evaluate: received 10 results and 0 failures
[92mINFO [0m:      
[92mINFO [0m:      [ROUND 132]
[92mINFO [0m:      configure_fit: strategy sampled 10 clients (out of 10)
[92mINFO [0m:      aggregate_fit: received 10 results and 0 failures
[92mINFO [0m:      configure_evaluate: strategy sampled 10 clients (out of 10)
[92mINFO [0m:      aggregate_evaluate: received 10 results and 0 failures
[92mINFO [0m:      
[92mINFO [0m:      [ROUND 133]
[92mINFO [0m:      configure_fit: strategy sampled 10 clients (out of 10)
[92mINFO [0m:      aggregate_fit: received 10 results and 0 failures
[92mINFO [0m:      configure_evaluate: strategy sampled 10 clients (out of 10)
[92mINFO [0m:      aggregate_evaluate: received 10 results and 0 failures
[92mINFO [0m:      
[92mINFO [0m:      [ROUND 134]
[92mINFO [0m:      configure_fit: strategy sampled 10 clients (out of 10)
[92mINFO [0m:      aggregate_fit: received 10 results and 0 failures
[92mINFO [0m:      configure_evaluate: strategy sampled 10 clients (out of 10)
[92mINFO [0m:      aggregate_evaluate: received 10 results and 0 failures
[92mINFO [0m:      
[92mINFO [0m:      [ROUND 135]
[92mINFO [0m:      configure_fit: strategy sampled 10 clients (out of 10)
[92mINFO [0m:      aggregate_fit: received 10 results and 0 failures
[92mINFO [0m:      configure_evaluate: strategy sampled 10 clients (out of 10)
[92mINFO [0m:      aggregate_evaluate: received 10 results and 0 failures
[92mINFO [0m:      
[92mINFO [0m:      [ROUND 136]
[92mINFO [0m:      configure_fit: strategy sampled 10 clients (out of 10)
[92mINFO [0m:      aggregate_fit: received 10 results and 0 failures
[92mINFO [0m:      configure_evaluate: strategy sampled 10 clients (out of 10)
[92mINFO [0m:      aggregate_evaluate: received 10 results and 0 failures
[92mINFO [0m:      
[92mINFO [0m:      [ROUND 137]
[92mINFO [0m:      configure_fit: strategy sampled 10 clients (out of 10)
[92mINFO [0m:      aggregate_fit: received 10 results and 0 failures
[92mINFO [0m:      configure_evaluate: strategy sampled 10 clients (out of 10)
[92mINFO [0m:      aggregate_evaluate: received 10 results and 0 failures
[92mINFO [0m:      
[92mINFO [0m:      [ROUND 138]
[92mINFO [0m:      configure_fit: strategy sampled 10 clients (out of 10)
[92mINFO [0m:      aggregate_fit: received 10 results and 0 failures
[92mINFO [0m:      configure_evaluate: strategy sampled 10 clients (out of 10)
[92mINFO [0m:      aggregate_evaluate: received 10 results and 0 failures
[92mINFO [0m:      
[92mINFO [0m:      [ROUND 139]
[92mINFO [0m:      configure_fit: strategy sampled 10 clients (out of 10)
[92mINFO [0m:      aggregate_fit: received 10 results and 0 failures
[92mINFO [0m:      configure_evaluate: strategy sampled 10 clients (out of 10)
[92mINFO [0m:      aggregate_evaluate: received 10 results and 0 failures
[92mINFO [0m:      
[92mINFO [0m:      [ROUND 140]
[92mINFO [0m:      configure_fit: strategy sampled 10 clients (out of 10)
[92mINFO [0m:      aggregate_fit: received 10 results and 0 failures
[92mINFO [0m:      configure_evaluate: strategy sampled 10 clients (out of 10)
[92mINFO [0m:      aggregate_evaluate: received 10 results and 0 failures
[92mINFO [0m:      
[92mINFO [0m:      [ROUND 141]
[92mINFO [0m:      configure_fit: strategy sampled 10 clients (out of 10)
[92mINFO [0m:      aggregate_fit: received 10 results and 0 failures
[92mINFO [0m:      configure_evaluate: strategy sampled 10 clients (out of 10)
[92mINFO [0m:      aggregate_evaluate: received 10 results and 0 failures
[92mINFO [0m:      
[92mINFO [0m:      [ROUND 142]
[92mINFO [0m:      configure_fit: strategy sampled 10 clients (out of 10)
[92mINFO [0m:      aggregate_fit: received 10 results and 0 failures
[92mINFO [0m:      configure_evaluate: strategy sampled 10 clients (out of 10)
[92mINFO [0m:      aggregate_evaluate: received 10 results and 0 failures
[92mINFO [0m:      
[92mINFO [0m:      [ROUND 143]
[92mINFO [0m:      configure_fit: strategy sampled 10 clients (out of 10)
[92mINFO [0m:      aggregate_fit: received 10 results and 0 failures
[92mINFO [0m:      configure_evaluate: strategy sampled 10 clients (out of 10)
[92mINFO [0m:      aggregate_evaluate: received 10 results and 0 failures
[92mINFO [0m:      
[92mINFO [0m:      [ROUND 144]
[92mINFO [0m:      configure_fit: strategy sampled 10 clients (out of 10)
[92mINFO [0m:      aggregate_fit: received 10 results and 0 failures
[92mINFO [0m:      configure_evaluate: strategy sampled 10 clients (out of 10)
[92mINFO [0m:      aggregate_evaluate: received 10 results and 0 failures
[92mINFO [0m:      
[92mINFO [0m:      [ROUND 145]
[92mINFO [0m:      configure_fit: strategy sampled 10 clients (out of 10)
[92mINFO [0m:      aggregate_fit: received 10 results and 0 failures
[92mINFO [0m:      configure_evaluate: strategy sampled 10 clients (out of 10)
[92mINFO [0m:      aggregate_evaluate: received 10 results and 0 failures
[92mINFO [0m:      
[92mINFO [0m:      [ROUND 146]
[92mINFO [0m:      configure_fit: strategy sampled 10 clients (out of 10)
[92mINFO [0m:      aggregate_fit: received 10 results and 0 failures
[92mINFO [0m:      configure_evaluate: strategy sampled 10 clients (out of 10)
[92mINFO [0m:      aggregate_evaluate: received 10 results and 0 failures
[92mINFO [0m:      
[92mINFO [0m:      [ROUND 147]
[92mINFO [0m:      configure_fit: strategy sampled 10 clients (out of 10)
[92mINFO [0m:      aggregate_fit: received 10 results and 0 failures
[92mINFO [0m:      configure_evaluate: strategy sampled 10 clients (out of 10)
[92mINFO [0m:      aggregate_evaluate: received 10 results and 0 failures
[92mINFO [0m:      
[92mINFO [0m:      [ROUND 148]
[92mINFO [0m:      configure_fit: strategy sampled 10 clients (out of 10)
[92mINFO [0m:      aggregate_fit: received 10 results and 0 failures
[92mINFO [0m:      configure_evaluate: strategy sampled 10 clients (out of 10)
[92mINFO [0m:      aggregate_evaluate: received 10 results and 0 failures
[92mINFO [0m:      
[92mINFO [0m:      [ROUND 149]
[92mINFO [0m:      configure_fit: strategy sampled 10 clients (out of 10)
[92mINFO [0m:      aggregate_fit: received 10 results and 0 failures
[92mINFO [0m:      configure_evaluate: strategy sampled 10 clients (out of 10)
[92mINFO [0m:      aggregate_evaluate: received 10 results and 0 failures
[92mINFO [0m:      
[92mINFO [0m:      [ROUND 150]
[92mINFO [0m:      configure_fit: strategy sampled 10 clients (out of 10)
[92mINFO [0m:      aggregate_fit: received 10 results and 0 failures
[92mINFO [0m:      configure_evaluate: strategy sampled 10 clients (out of 10)
[92mINFO [0m:      aggregate_evaluate: received 10 results and 0 failures
[92mINFO [0m:      
[92mINFO [0m:      [ROUND 151]
[92mINFO [0m:      configure_fit: strategy sampled 10 clients (out of 10)
[92mINFO [0m:      aggregate_fit: received 10 results and 0 failures
[92mINFO [0m:      configure_evaluate: strategy sampled 10 clients (out of 10)
[92mINFO [0m:      aggregate_evaluate: received 10 results and 0 failures
[92mINFO [0m:      
[92mINFO [0m:      [ROUND 152]
[92mINFO [0m:      configure_fit: strategy sampled 10 clients (out of 10)
[92mINFO [0m:      aggregate_fit: received 10 results and 0 failures
[92mINFO [0m:      configure_evaluate: strategy sampled 10 clients (out of 10)
[92mINFO [0m:      aggregate_evaluate: received 10 results and 0 failures
[92mINFO [0m:      
[92mINFO [0m:      [ROUND 153]
[92mINFO [0m:      configure_fit: strategy sampled 10 clients (out of 10)
[92mINFO [0m:      aggregate_fit: received 10 results and 0 failures
[92mINFO [0m:      configure_evaluate: strategy sampled 10 clients (out of 10)
[92mINFO [0m:      aggregate_evaluate: received 10 results and 0 failures
[92mINFO [0m:      
[92mINFO [0m:      [ROUND 154]
[92mINFO [0m:      configure_fit: strategy sampled 10 clients (out of 10)
[92mINFO [0m:      aggregate_fit: received 10 results and 0 failures
[92mINFO [0m:      configure_evaluate: strategy sampled 10 clients (out of 10)
[92mINFO [0m:      aggregate_evaluate: received 10 results and 0 failures
[92mINFO [0m:      
[92mINFO [0m:      [ROUND 155]
[92mINFO [0m:      configure_fit: strategy sampled 10 clients (out of 10)
[92mINFO [0m:      aggregate_fit: received 10 results and 0 failures
[92mINFO [0m:      configure_evaluate: strategy sampled 10 clients (out of 10)
[92mINFO [0m:      aggregate_evaluate: received 10 results and 0 failures
[92mINFO [0m:      
[92mINFO [0m:      [ROUND 156]
[92mINFO [0m:      configure_fit: strategy sampled 10 clients (out of 10)
[92mINFO [0m:      aggregate_fit: received 10 results and 0 failures
[92mINFO [0m:      configure_evaluate: strategy sampled 10 clients (out of 10)
[92mINFO [0m:      aggregate_evaluate: received 10 results and 0 failures
[92mINFO [0m:      
[92mINFO [0m:      [ROUND 157]
[92mINFO [0m:      configure_fit: strategy sampled 10 clients (out of 10)
[92mINFO [0m:      aggregate_fit: received 10 results and 0 failures
[92mINFO [0m:      configure_evaluate: strategy sampled 10 clients (out of 10)
[92mINFO [0m:      aggregate_evaluate: received 10 results and 0 failures
[92mINFO [0m:      
[92mINFO [0m:      [ROUND 158]
[92mINFO [0m:      configure_fit: strategy sampled 10 clients (out of 10)
[92mINFO [0m:      aggregate_fit: received 10 results and 0 failures
[92mINFO [0m:      configure_evaluate: strategy sampled 10 clients (out of 10)
[92mINFO [0m:      aggregate_evaluate: received 10 results and 0 failures
[92mINFO [0m:      
[92mINFO [0m:      [ROUND 159]
[92mINFO [0m:      configure_fit: strategy sampled 10 clients (out of 10)
[92mINFO [0m:      aggregate_fit: received 10 results and 0 failures
[92mINFO [0m:      configure_evaluate: strategy sampled 10 clients (out of 10)
[92mINFO [0m:      aggregate_evaluate: received 10 results and 0 failures
[92mINFO [0m:      
[92mINFO [0m:      [ROUND 160]
[92mINFO [0m:      configure_fit: strategy sampled 10 clients (out of 10)
[92mINFO [0m:      aggregate_fit: received 10 results and 0 failures
[92mINFO [0m:      configure_evaluate: strategy sampled 10 clients (out of 10)
[92mINFO [0m:      aggregate_evaluate: received 10 results and 0 failures
[92mINFO [0m:      
[92mINFO [0m:      [ROUND 161]
[92mINFO [0m:      configure_fit: strategy sampled 10 clients (out of 10)
[92mINFO [0m:      aggregate_fit: received 10 results and 0 failures
[92mINFO [0m:      configure_evaluate: strategy sampled 10 clients (out of 10)
[92mINFO [0m:      aggregate_evaluate: received 10 results and 0 failures
[92mINFO [0m:      
[92mINFO [0m:      [ROUND 162]
[92mINFO [0m:      configure_fit: strategy sampled 10 clients (out of 10)
[92mINFO [0m:      aggregate_fit: received 10 results and 0 failures
[92mINFO [0m:      configure_evaluate: strategy sampled 10 clients (out of 10)
[92mINFO [0m:      aggregate_evaluate: received 10 results and 0 failures
[92mINFO [0m:      
[92mINFO [0m:      [ROUND 163]
[92mINFO [0m:      configure_fit: strategy sampled 10 clients (out of 10)
[92mINFO [0m:      aggregate_fit: received 10 results and 0 failures
[92mINFO [0m:      configure_evaluate: strategy sampled 10 clients (out of 10)
[92mINFO [0m:      aggregate_evaluate: received 10 results and 0 failures
[92mINFO [0m:      
[92mINFO [0m:      [ROUND 164]
[92mINFO [0m:      configure_fit: strategy sampled 10 clients (out of 10)
[92mINFO [0m:      aggregate_fit: received 10 results and 0 failures
[92mINFO [0m:      configure_evaluate: strategy sampled 10 clients (out of 10)
[92mINFO [0m:      aggregate_evaluate: received 10 results and 0 failures
[92mINFO [0m:      
[92mINFO [0m:      [ROUND 165]
[92mINFO [0m:      configure_fit: strategy sampled 10 clients (out of 10)
[92mINFO [0m:      aggregate_fit: received 10 results and 0 failures
[92mINFO [0m:      configure_evaluate: strategy sampled 10 clients (out of 10)
[92mINFO [0m:      aggregate_evaluate: received 10 results and 0 failures
[92mINFO [0m:      
[92mINFO [0m:      [ROUND 166]
[92mINFO [0m:      configure_fit: strategy sampled 10 clients (out of 10)
[92mINFO [0m:      aggregate_fit: received 10 results and 0 failures
[92mINFO [0m:      configure_evaluate: strategy sampled 10 clients (out of 10)
[92mINFO [0m:      aggregate_evaluate: received 10 results and 0 failures
[92mINFO [0m:      
[92mINFO [0m:      [ROUND 167]
[92mINFO [0m:      configure_fit: strategy sampled 10 clients (out of 10)
[92mINFO [0m:      aggregate_fit: received 10 results and 0 failures
[92mINFO [0m:      configure_evaluate: strategy sampled 10 clients (out of 10)
[92mINFO [0m:      aggregate_evaluate: received 10 results and 0 failures
[92mINFO [0m:      
[92mINFO [0m:      [ROUND 168]
[92mINFO [0m:      configure_fit: strategy sampled 10 clients (out of 10)
[92mINFO [0m:      aggregate_fit: received 10 results and 0 failures
[92mINFO [0m:      configure_evaluate: strategy sampled 10 clients (out of 10)
[92mINFO [0m:      aggregate_evaluate: received 10 results and 0 failures
[92mINFO [0m:      
[92mINFO [0m:      [ROUND 169]
[92mINFO [0m:      configure_fit: strategy sampled 10 clients (out of 10)
[92mINFO [0m:      aggregate_fit: received 10 results and 0 failures
[92mINFO [0m:      configure_evaluate: strategy sampled 10 clients (out of 10)
[92mINFO [0m:      aggregate_evaluate: received 10 results and 0 failures
[92mINFO [0m:      
[92mINFO [0m:      [ROUND 170]
[92mINFO [0m:      configure_fit: strategy sampled 10 clients (out of 10)
[92mINFO [0m:      aggregate_fit: received 10 results and 0 failures
[92mINFO [0m:      configure_evaluate: strategy sampled 10 clients (out of 10)
[92mINFO [0m:      aggregate_evaluate: received 10 results and 0 failures
[92mINFO [0m:      
[92mINFO [0m:      [ROUND 171]
[92mINFO [0m:      configure_fit: strategy sampled 10 clients (out of 10)
[92mINFO [0m:      aggregate_fit: received 10 results and 0 failures
[92mINFO [0m:      configure_evaluate: strategy sampled 10 clients (out of 10)
[92mINFO [0m:      aggregate_evaluate: received 10 results and 0 failures
[92mINFO [0m:      
[92mINFO [0m:      [ROUND 172]
[92mINFO [0m:      configure_fit: strategy sampled 10 clients (out of 10)
[92mINFO [0m:      aggregate_fit: received 10 results and 0 failures
[92mINFO [0m:      configure_evaluate: strategy sampled 10 clients (out of 10)
[92mINFO [0m:      aggregate_evaluate: received 10 results and 0 failures
[92mINFO [0m:      
[92mINFO [0m:      [ROUND 173]
[92mINFO [0m:      configure_fit: strategy sampled 10 clients (out of 10)
[92mINFO [0m:      aggregate_fit: received 10 results and 0 failures
[92mINFO [0m:      configure_evaluate: strategy sampled 10 clients (out of 10)
[92mINFO [0m:      aggregate_evaluate: received 10 results and 0 failures
[92mINFO [0m:      
[92mINFO [0m:      [ROUND 174]
[92mINFO [0m:      configure_fit: strategy sampled 10 clients (out of 10)
[92mINFO [0m:      aggregate_fit: received 10 results and 0 failures
[92mINFO [0m:      configure_evaluate: strategy sampled 10 clients (out of 10)
[92mINFO [0m:      aggregate_evaluate: received 10 results and 0 failures
[92mINFO [0m:      
[92mINFO [0m:      [ROUND 175]
[92mINFO [0m:      configure_fit: strategy sampled 10 clients (out of 10)
[92mINFO [0m:      aggregate_fit: received 10 results and 0 failures
[92mINFO [0m:      configure_evaluate: strategy sampled 10 clients (out of 10)
[92mINFO [0m:      aggregate_evaluate: received 10 results and 0 failures
[92mINFO [0m:      
[92mINFO [0m:      [ROUND 176]
[92mINFO [0m:      configure_fit: strategy sampled 10 clients (out of 10)
[92mINFO [0m:      aggregate_fit: received 10 results and 0 failures
[92mINFO [0m:      configure_evaluate: strategy sampled 10 clients (out of 10)
[92mINFO [0m:      aggregate_evaluate: received 10 results and 0 failures
[92mINFO [0m:      
[92mINFO [0m:      [ROUND 177]
[92mINFO [0m:      configure_fit: strategy sampled 10 clients (out of 10)
[92mINFO [0m:      aggregate_fit: received 10 results and 0 failures
[92mINFO [0m:      configure_evaluate: strategy sampled 10 clients (out of 10)
[92mINFO [0m:      aggregate_evaluate: received 10 results and 0 failures
[92mINFO [0m:      
[92mINFO [0m:      [ROUND 178]
[92mINFO [0m:      configure_fit: strategy sampled 10 clients (out of 10)
[92mINFO [0m:      aggregate_fit: received 10 results and 0 failures
[92mINFO [0m:      configure_evaluate: strategy sampled 10 clients (out of 10)
[92mINFO [0m:      aggregate_evaluate: received 10 results and 0 failures
[92mINFO [0m:      
[92mINFO [0m:      [ROUND 179]
[92mINFO [0m:      configure_fit: strategy sampled 10 clients (out of 10)
[92mINFO [0m:      aggregate_fit: received 10 results and 0 failures
[92mINFO [0m:      configure_evaluate: strategy sampled 10 clients (out of 10)
[92mINFO [0m:      aggregate_evaluate: received 10 results and 0 failures
[92mINFO [0m:      
[92mINFO [0m:      [ROUND 180]
[92mINFO [0m:      configure_fit: strategy sampled 10 clients (out of 10)
[92mINFO [0m:      aggregate_fit: received 10 results and 0 failures
[92mINFO [0m:      configure_evaluate: strategy sampled 10 clients (out of 10)
[92mINFO [0m:      aggregate_evaluate: received 10 results and 0 failures
[92mINFO [0m:      
[92mINFO [0m:      [ROUND 181]
[92mINFO [0m:      configure_fit: strategy sampled 10 clients (out of 10)
[92mINFO [0m:      aggregate_fit: received 10 results and 0 failures
[92mINFO [0m:      configure_evaluate: strategy sampled 10 clients (out of 10)
[92mINFO [0m:      aggregate_evaluate: received 10 results and 0 failures
[92mINFO [0m:      
[92mINFO [0m:      [ROUND 182]
[92mINFO [0m:      configure_fit: strategy sampled 10 clients (out of 10)
[92mINFO [0m:      aggregate_fit: received 10 results and 0 failures
[92mINFO [0m:      configure_evaluate: strategy sampled 10 clients (out of 10)
[92mINFO [0m:      aggregate_evaluate: received 10 results and 0 failures
[92mINFO [0m:      
[92mINFO [0m:      [ROUND 183]
[92mINFO [0m:      configure_fit: strategy sampled 10 clients (out of 10)
[92mINFO [0m:      aggregate_fit: received 10 results and 0 failures
[92mINFO [0m:      configure_evaluate: strategy sampled 10 clients (out of 10)
[92mINFO [0m:      aggregate_evaluate: received 10 results and 0 failures
[92mINFO [0m:      
[92mINFO [0m:      [ROUND 184]
[92mINFO [0m:      configure_fit: strategy sampled 10 clients (out of 10)
[92mINFO [0m:      aggregate_fit: received 10 results and 0 failures
[92mINFO [0m:      configure_evaluate: strategy sampled 10 clients (out of 10)
[92mINFO [0m:      aggregate_evaluate: received 10 results and 0 failures
[92mINFO [0m:      
[92mINFO [0m:      [ROUND 185]
[92mINFO [0m:      configure_fit: strategy sampled 10 clients (out of 10)
[92mINFO [0m:      aggregate_fit: received 10 results and 0 failures
[92mINFO [0m:      configure_evaluate: strategy sampled 10 clients (out of 10)
[92mINFO [0m:      aggregate_evaluate: received 10 results and 0 failures
[92mINFO [0m:      
[92mINFO [0m:      [ROUND 186]
[92mINFO [0m:      configure_fit: strategy sampled 10 clients (out of 10)
[92mINFO [0m:      aggregate_fit: received 10 results and 0 failures
[92mINFO [0m:      configure_evaluate: strategy sampled 10 clients (out of 10)
[92mINFO [0m:      aggregate_evaluate: received 10 results and 0 failures
[92mINFO [0m:      
[92mINFO [0m:      [ROUND 187]
[92mINFO [0m:      configure_fit: strategy sampled 10 clients (out of 10)
[92mINFO [0m:      aggregate_fit: received 10 results and 0 failures
[92mINFO [0m:      configure_evaluate: strategy sampled 10 clients (out of 10)
[92mINFO [0m:      aggregate_evaluate: received 10 results and 0 failures
[92mINFO [0m:      
[92mINFO [0m:      [ROUND 188]
[92mINFO [0m:      configure_fit: strategy sampled 10 clients (out of 10)
[92mINFO [0m:      aggregate_fit: received 10 results and 0 failures
[92mINFO [0m:      configure_evaluate: strategy sampled 10 clients (out of 10)
[92mINFO [0m:      aggregate_evaluate: received 10 results and 0 failures
[92mINFO [0m:      
[92mINFO [0m:      [ROUND 189]
[92mINFO [0m:      configure_fit: strategy sampled 10 clients (out of 10)
[92mINFO [0m:      aggregate_fit: received 10 results and 0 failures
[92mINFO [0m:      configure_evaluate: strategy sampled 10 clients (out of 10)
[92mINFO [0m:      aggregate_evaluate: received 10 results and 0 failures
[92mINFO [0m:      
[92mINFO [0m:      [ROUND 190]
[92mINFO [0m:      configure_fit: strategy sampled 10 clients (out of 10)
[92mINFO [0m:      aggregate_fit: received 10 results and 0 failures
[92mINFO [0m:      configure_evaluate: strategy sampled 10 clients (out of 10)
[92mINFO [0m:      aggregate_evaluate: received 10 results and 0 failures
[92mINFO [0m:      
[92mINFO [0m:      [ROUND 191]
[92mINFO [0m:      configure_fit: strategy sampled 10 clients (out of 10)
[92mINFO [0m:      aggregate_fit: received 10 results and 0 failures
[92mINFO [0m:      configure_evaluate: strategy sampled 10 clients (out of 10)
[92mINFO [0m:      aggregate_evaluate: received 10 results and 0 failures
[92mINFO [0m:      
[92mINFO [0m:      [ROUND 192]
[92mINFO [0m:      configure_fit: strategy sampled 10 clients (out of 10)
[92mINFO [0m:      aggregate_fit: received 10 results and 0 failures
[92mINFO [0m:      configure_evaluate: strategy sampled 10 clients (out of 10)
[92mINFO [0m:      aggregate_evaluate: received 10 results and 0 failures
[92mINFO [0m:      
[92mINFO [0m:      [ROUND 193]
[92mINFO [0m:      configure_fit: strategy sampled 10 clients (out of 10)
[92mINFO [0m:      aggregate_fit: received 10 results and 0 failures
[92mINFO [0m:      configure_evaluate: strategy sampled 10 clients (out of 10)
[92mINFO [0m:      aggregate_evaluate: received 10 results and 0 failures
[92mINFO [0m:      
[92mINFO [0m:      [ROUND 194]
[92mINFO [0m:      configure_fit: strategy sampled 10 clients (out of 10)
[92mINFO [0m:      aggregate_fit: received 10 results and 0 failures
[92mINFO [0m:      configure_evaluate: strategy sampled 10 clients (out of 10)
[92mINFO [0m:      aggregate_evaluate: received 10 results and 0 failures
[92mINFO [0m:      
[92mINFO [0m:      [ROUND 195]
[92mINFO [0m:      configure_fit: strategy sampled 10 clients (out of 10)
[92mINFO [0m:      aggregate_fit: received 10 results and 0 failures
[92mINFO [0m:      configure_evaluate: strategy sampled 10 clients (out of 10)
[92mINFO [0m:      aggregate_evaluate: received 10 results and 0 failures
[92mINFO [0m:      
[92mINFO [0m:      [ROUND 196]
[92mINFO [0m:      configure_fit: strategy sampled 10 clients (out of 10)
[92mINFO [0m:      aggregate_fit: received 10 results and 0 failures
[92mINFO [0m:      configure_evaluate: strategy sampled 10 clients (out of 10)
[92mINFO [0m:      aggregate_evaluate: received 10 results and 0 failures
[92mINFO [0m:      
[92mINFO [0m:      [ROUND 197]
[92mINFO [0m:      configure_fit: strategy sampled 10 clients (out of 10)
[92mINFO [0m:      aggregate_fit: received 10 results and 0 failures
[92mINFO [0m:      configure_evaluate: strategy sampled 10 clients (out of 10)
[92mINFO [0m:      aggregate_evaluate: received 10 results and 0 failures
[92mINFO [0m:      
[92mINFO [0m:      [ROUND 198]
[92mINFO [0m:      configure_fit: strategy sampled 10 clients (out of 10)
[92mINFO [0m:      aggregate_fit: received 10 results and 0 failures
[92mINFO [0m:      configure_evaluate: strategy sampled 10 clients (out of 10)
[92mINFO [0m:      aggregate_evaluate: received 10 results and 0 failures
[92mINFO [0m:      
[92mINFO [0m:      [ROUND 199]
[92mINFO [0m:      configure_fit: strategy sampled 10 clients (out of 10)
[92mINFO [0m:      aggregate_fit: received 10 results and 0 failures
[92mINFO [0m:      configure_evaluate: strategy sampled 10 clients (out of 10)
[92mINFO [0m:      aggregate_evaluate: received 10 results and 0 failures
[92mINFO [0m:      
[92mINFO [0m:      [ROUND 200]
[92mINFO [0m:      configure_fit: strategy sampled 10 clients (out of 10)
[92mINFO [0m:      aggregate_fit: received 10 results and 0 failures
[92mINFO [0m:      configure_evaluate: strategy sampled 10 clients (out of 10)
[92mINFO [0m:      aggregate_evaluate: received 10 results and 0 failures
[92mINFO [0m:      
[92mINFO [0m:      [ROUND 201]
[92mINFO [0m:      configure_fit: strategy sampled 10 clients (out of 10)
[92mINFO [0m:      aggregate_fit: received 10 results and 0 failures
[92mINFO [0m:      configure_evaluate: strategy sampled 10 clients (out of 10)
[92mINFO [0m:      aggregate_evaluate: received 10 results and 0 failures
[92mINFO [0m:      
[92mINFO [0m:      [ROUND 202]
[92mINFO [0m:      configure_fit: strategy sampled 10 clients (out of 10)
[92mINFO [0m:      aggregate_fit: received 10 results and 0 failures
[92mINFO [0m:      configure_evaluate: strategy sampled 10 clients (out of 10)
[92mINFO [0m:      aggregate_evaluate: received 10 results and 0 failures
[92mINFO [0m:      
[92mINFO [0m:      [ROUND 203]
[92mINFO [0m:      configure_fit: strategy sampled 10 clients (out of 10)
[92mINFO [0m:      aggregate_fit: received 10 results and 0 failures
[92mINFO [0m:      configure_evaluate: strategy sampled 10 clients (out of 10)
[92mINFO [0m:      aggregate_evaluate: received 10 results and 0 failures
[92mINFO [0m:      
[92mINFO [0m:      [ROUND 204]
[92mINFO [0m:      configure_fit: strategy sampled 10 clients (out of 10)
[92mINFO [0m:      aggregate_fit: received 10 results and 0 failures
[92mINFO [0m:      configure_evaluate: strategy sampled 10 clients (out of 10)
[92mINFO [0m:      aggregate_evaluate: received 10 results and 0 failures
[92mINFO [0m:      
[92mINFO [0m:      [ROUND 205]
[92mINFO [0m:      configure_fit: strategy sampled 10 clients (out of 10)
[92mINFO [0m:      aggregate_fit: received 10 results and 0 failures
[92mINFO [0m:      configure_evaluate: strategy sampled 10 clients (out of 10)
[92mINFO [0m:      aggregate_evaluate: received 10 results and 0 failures
[92mINFO [0m:      
[92mINFO [0m:      [ROUND 206]
[92mINFO [0m:      configure_fit: strategy sampled 10 clients (out of 10)
[92mINFO [0m:      aggregate_fit: received 10 results and 0 failures
[92mINFO [0m:      configure_evaluate: strategy sampled 10 clients (out of 10)
[92mINFO [0m:      aggregate_evaluate: received 10 results and 0 failures
[92mINFO [0m:      
[92mINFO [0m:      [ROUND 207]
[92mINFO [0m:      configure_fit: strategy sampled 10 clients (out of 10)
[92mINFO [0m:      aggregate_fit: received 10 results and 0 failures
[92mINFO [0m:      configure_evaluate: strategy sampled 10 clients (out of 10)
[92mINFO [0m:      aggregate_evaluate: received 10 results and 0 failures
[92mINFO [0m:      
[92mINFO [0m:      [ROUND 208]
[92mINFO [0m:      configure_fit: strategy sampled 10 clients (out of 10)
[92mINFO [0m:      aggregate_fit: received 10 results and 0 failures
[92mINFO [0m:      configure_evaluate: strategy sampled 10 clients (out of 10)
[92mINFO [0m:      aggregate_evaluate: received 10 results and 0 failures
[92mINFO [0m:      
[92mINFO [0m:      [ROUND 209]
[92mINFO [0m:      configure_fit: strategy sampled 10 clients (out of 10)
[92mINFO [0m:      aggregate_fit: received 10 results and 0 failures
[92mINFO [0m:      configure_evaluate: strategy sampled 10 clients (out of 10)
[92mINFO [0m:      aggregate_evaluate: received 10 results and 0 failures
[92mINFO [0m:      
[92mINFO [0m:      [ROUND 210]
[92mINFO [0m:      configure_fit: strategy sampled 10 clients (out of 10)
[92mINFO [0m:      aggregate_fit: received 10 results and 0 failures
[92mINFO [0m:      configure_evaluate: strategy sampled 10 clients (out of 10)
[92mINFO [0m:      aggregate_evaluate: received 10 results and 0 failures
[92mINFO [0m:      
[92mINFO [0m:      [ROUND 211]
[92mINFO [0m:      configure_fit: strategy sampled 10 clients (out of 10)
[92mINFO [0m:      aggregate_fit: received 10 results and 0 failures
[92mINFO [0m:      configure_evaluate: strategy sampled 10 clients (out of 10)
[92mINFO [0m:      aggregate_evaluate: received 10 results and 0 failures
[92mINFO [0m:      
[92mINFO [0m:      [ROUND 212]
[92mINFO [0m:      configure_fit: strategy sampled 10 clients (out of 10)
[92mINFO [0m:      aggregate_fit: received 10 results and 0 failures
[92mINFO [0m:      configure_evaluate: strategy sampled 10 clients (out of 10)
[92mINFO [0m:      aggregate_evaluate: received 10 results and 0 failures
[92mINFO [0m:      
[92mINFO [0m:      [ROUND 213]
[92mINFO [0m:      configure_fit: strategy sampled 10 clients (out of 10)
[92mINFO [0m:      aggregate_fit: received 10 results and 0 failures
[92mINFO [0m:      configure_evaluate: strategy sampled 10 clients (out of 10)
[92mINFO [0m:      aggregate_evaluate: received 10 results and 0 failures
[92mINFO [0m:      
[92mINFO [0m:      [ROUND 214]
[92mINFO [0m:      configure_fit: strategy sampled 10 clients (out of 10)
[92mINFO [0m:      aggregate_fit: received 10 results and 0 failures
[92mINFO [0m:      configure_evaluate: strategy sampled 10 clients (out of 10)
[92mINFO [0m:      aggregate_evaluate: received 10 results and 0 failures
[92mINFO [0m:      
[92mINFO [0m:      [ROUND 215]
[92mINFO [0m:      configure_fit: strategy sampled 10 clients (out of 10)
[92mINFO [0m:      aggregate_fit: received 10 results and 0 failures
[92mINFO [0m:      configure_evaluate: strategy sampled 10 clients (out of 10)
[92mINFO [0m:      aggregate_evaluate: received 10 results and 0 failures
[92mINFO [0m:      
[92mINFO [0m:      [ROUND 216]
[92mINFO [0m:      configure_fit: strategy sampled 10 clients (out of 10)
[92mINFO [0m:      aggregate_fit: received 10 results and 0 failures
[92mINFO [0m:      configure_evaluate: strategy sampled 10 clients (out of 10)
[92mINFO [0m:      aggregate_evaluate: received 10 results and 0 failures
[92mINFO [0m:      
[92mINFO [0m:      [ROUND 217]
[92mINFO [0m:      configure_fit: strategy sampled 10 clients (out of 10)
[92mINFO [0m:      aggregate_fit: received 10 results and 0 failures
[92mINFO [0m:      configure_evaluate: strategy sampled 10 clients (out of 10)
[92mINFO [0m:      aggregate_evaluate: received 10 results and 0 failures
[92mINFO [0m:      
[92mINFO [0m:      [ROUND 218]
[92mINFO [0m:      configure_fit: strategy sampled 10 clients (out of 10)
[92mINFO [0m:      aggregate_fit: received 10 results and 0 failures
[92mINFO [0m:      configure_evaluate: strategy sampled 10 clients (out of 10)
[92mINFO [0m:      aggregate_evaluate: received 10 results and 0 failures
[92mINFO [0m:      
[92mINFO [0m:      [ROUND 219]
[92mINFO [0m:      configure_fit: strategy sampled 10 clients (out of 10)
[92mINFO [0m:      aggregate_fit: received 10 results and 0 failures
[92mINFO [0m:      configure_evaluate: strategy sampled 10 clients (out of 10)
[92mINFO [0m:      aggregate_evaluate: received 10 results and 0 failures
[92mINFO [0m:      
[92mINFO [0m:      [ROUND 220]
[92mINFO [0m:      configure_fit: strategy sampled 10 clients (out of 10)
[92mINFO [0m:      aggregate_fit: received 10 results and 0 failures
[92mINFO [0m:      configure_evaluate: strategy sampled 10 clients (out of 10)
[92mINFO [0m:      aggregate_evaluate: received 10 results and 0 failures
[92mINFO [0m:      
[92mINFO [0m:      [ROUND 221]
[92mINFO [0m:      configure_fit: strategy sampled 10 clients (out of 10)
[92mINFO [0m:      aggregate_fit: received 10 results and 0 failures
[92mINFO [0m:      configure_evaluate: strategy sampled 10 clients (out of 10)
[92mINFO [0m:      aggregate_evaluate: received 10 results and 0 failures
[92mINFO [0m:      
[92mINFO [0m:      [ROUND 222]
[92mINFO [0m:      configure_fit: strategy sampled 10 clients (out of 10)
[92mINFO [0m:      aggregate_fit: received 10 results and 0 failures
[92mINFO [0m:      configure_evaluate: strategy sampled 10 clients (out of 10)
[92mINFO [0m:      aggregate_evaluate: received 10 results and 0 failures
[92mINFO [0m:      
[92mINFO [0m:      [ROUND 223]
[92mINFO [0m:      configure_fit: strategy sampled 10 clients (out of 10)
[92mINFO [0m:      aggregate_fit: received 10 results and 0 failures
[92mINFO [0m:      configure_evaluate: strategy sampled 10 clients (out of 10)
[92mINFO [0m:      aggregate_evaluate: received 10 results and 0 failures
[92mINFO [0m:      
[92mINFO [0m:      [ROUND 224]
[92mINFO [0m:      configure_fit: strategy sampled 10 clients (out of 10)
[92mINFO [0m:      aggregate_fit: received 10 results and 0 failures
[92mINFO [0m:      configure_evaluate: strategy sampled 10 clients (out of 10)
[92mINFO [0m:      aggregate_evaluate: received 10 results and 0 failures
[92mINFO [0m:      
[92mINFO [0m:      [ROUND 225]
[92mINFO [0m:      configure_fit: strategy sampled 10 clients (out of 10)
[92mINFO [0m:      aggregate_fit: received 10 results and 0 failures
[92mINFO [0m:      configure_evaluate: strategy sampled 10 clients (out of 10)
[92mINFO [0m:      aggregate_evaluate: received 10 results and 0 failures
[92mINFO [0m:      
[92mINFO [0m:      [ROUND 226]
[92mINFO [0m:      configure_fit: strategy sampled 10 clients (out of 10)
[92mINFO [0m:      aggregate_fit: received 10 results and 0 failures
[92mINFO [0m:      configure_evaluate: strategy sampled 10 clients (out of 10)
[92mINFO [0m:      aggregate_evaluate: received 10 results and 0 failures
[92mINFO [0m:      
[92mINFO [0m:      [ROUND 227]
[92mINFO [0m:      configure_fit: strategy sampled 10 clients (out of 10)
[92mINFO [0m:      aggregate_fit: received 10 results and 0 failures
[92mINFO [0m:      configure_evaluate: strategy sampled 10 clients (out of 10)
[92mINFO [0m:      aggregate_evaluate: received 10 results and 0 failures
[92mINFO [0m:      
[92mINFO [0m:      [ROUND 228]
[92mINFO [0m:      configure_fit: strategy sampled 10 clients (out of 10)
[92mINFO [0m:      aggregate_fit: received 10 results and 0 failures
[92mINFO [0m:      configure_evaluate: strategy sampled 10 clients (out of 10)
[92mINFO [0m:      aggregate_evaluate: received 10 results and 0 failures
[92mINFO [0m:      
[92mINFO [0m:      [ROUND 229]
[92mINFO [0m:      configure_fit: strategy sampled 10 clients (out of 10)
[92mINFO [0m:      aggregate_fit: received 10 results and 0 failures
[92mINFO [0m:      configure_evaluate: strategy sampled 10 clients (out of 10)
[92mINFO [0m:      aggregate_evaluate: received 10 results and 0 failures
[92mINFO [0m:      
[92mINFO [0m:      [ROUND 230]
[92mINFO [0m:      configure_fit: strategy sampled 10 clients (out of 10)
[92mINFO [0m:      aggregate_fit: received 10 results and 0 failures
[92mINFO [0m:      configure_evaluate: strategy sampled 10 clients (out of 10)
[92mINFO [0m:      aggregate_evaluate: received 10 results and 0 failures
[92mINFO [0m:      
[92mINFO [0m:      [ROUND 231]
[92mINFO [0m:      configure_fit: strategy sampled 10 clients (out of 10)
[92mINFO [0m:      aggregate_fit: received 10 results and 0 failures
[92mINFO [0m:      configure_evaluate: strategy sampled 10 clients (out of 10)
[92mINFO [0m:      aggregate_evaluate: received 10 results and 0 failures
[92mINFO [0m:      
[92mINFO [0m:      [ROUND 232]
[92mINFO [0m:      configure_fit: strategy sampled 10 clients (out of 10)
[92mINFO [0m:      aggregate_fit: received 10 results and 0 failures
[92mINFO [0m:      configure_evaluate: strategy sampled 10 clients (out of 10)
[92mINFO [0m:      aggregate_evaluate: received 10 results and 0 failures
[92mINFO [0m:      
[92mINFO [0m:      [ROUND 233]
[92mINFO [0m:      configure_fit: strategy sampled 10 clients (out of 10)
[92mINFO [0m:      aggregate_fit: received 10 results and 0 failures
[92mINFO [0m:      configure_evaluate: strategy sampled 10 clients (out of 10)
[92mINFO [0m:      aggregate_evaluate: received 10 results and 0 failures
[92mINFO [0m:      
[92mINFO [0m:      [ROUND 234]
[92mINFO [0m:      configure_fit: strategy sampled 10 clients (out of 10)
[92mINFO [0m:      aggregate_fit: received 10 results and 0 failures
[92mINFO [0m:      configure_evaluate: strategy sampled 10 clients (out of 10)
[92mINFO [0m:      aggregate_evaluate: received 10 results and 0 failures
[92mINFO [0m:      
[92mINFO [0m:      [ROUND 235]
[92mINFO [0m:      configure_fit: strategy sampled 10 clients (out of 10)
[92mINFO [0m:      aggregate_fit: received 10 results and 0 failures
[92mINFO [0m:      configure_evaluate: strategy sampled 10 clients (out of 10)
[92mINFO [0m:      aggregate_evaluate: received 10 results and 0 failures
[92mINFO [0m:      
[92mINFO [0m:      [ROUND 236]
[92mINFO [0m:      configure_fit: strategy sampled 10 clients (out of 10)
[92mINFO [0m:      aggregate_fit: received 10 results and 0 failures
[92mINFO [0m:      configure_evaluate: strategy sampled 10 clients (out of 10)
[92mINFO [0m:      aggregate_evaluate: received 10 results and 0 failures
[92mINFO [0m:      
[92mINFO [0m:      [ROUND 237]
[92mINFO [0m:      configure_fit: strategy sampled 10 clients (out of 10)
[92mINFO [0m:      aggregate_fit: received 10 results and 0 failures
[92mINFO [0m:      configure_evaluate: strategy sampled 10 clients (out of 10)
[92mINFO [0m:      aggregate_evaluate: received 10 results and 0 failures
[92mINFO [0m:      
[92mINFO [0m:      [ROUND 238]
[92mINFO [0m:      configure_fit: strategy sampled 10 clients (out of 10)
[92mINFO [0m:      aggregate_fit: received 10 results and 0 failures
[92mINFO [0m:      configure_evaluate: strategy sampled 10 clients (out of 10)
[92mINFO [0m:      aggregate_evaluate: received 10 results and 0 failures
[92mINFO [0m:      
[92mINFO [0m:      [ROUND 239]
[92mINFO [0m:      configure_fit: strategy sampled 10 clients (out of 10)
[92mINFO [0m:      aggregate_fit: received 10 results and 0 failures
[92mINFO [0m:      configure_evaluate: strategy sampled 10 clients (out of 10)
[92mINFO [0m:      aggregate_evaluate: received 10 results and 0 failures
[92mINFO [0m:      
[92mINFO [0m:      [ROUND 240]
[92mINFO [0m:      configure_fit: strategy sampled 10 clients (out of 10)
[92mINFO [0m:      aggregate_fit: received 10 results and 0 failures
[92mINFO [0m:      configure_evaluate: strategy sampled 10 clients (out of 10)
[92mINFO [0m:      aggregate_evaluate: received 10 results and 0 failures
[92mINFO [0m:      
[92mINFO [0m:      [ROUND 241]
[92mINFO [0m:      configure_fit: strategy sampled 10 clients (out of 10)
[92mINFO [0m:      aggregate_fit: received 10 results and 0 failures
[92mINFO [0m:      configure_evaluate: strategy sampled 10 clients (out of 10)
[92mINFO [0m:      aggregate_evaluate: received 10 results and 0 failures
[92mINFO [0m:      
[92mINFO [0m:      [ROUND 242]
[92mINFO [0m:      configure_fit: strategy sampled 10 clients (out of 10)
[92mINFO [0m:      aggregate_fit: received 10 results and 0 failures
[92mINFO [0m:      configure_evaluate: strategy sampled 10 clients (out of 10)
[92mINFO [0m:      aggregate_evaluate: received 10 results and 0 failures
[92mINFO [0m:      
[92mINFO [0m:      [ROUND 243]
[92mINFO [0m:      configure_fit: strategy sampled 10 clients (out of 10)
[92mINFO [0m:      aggregate_fit: received 10 results and 0 failures
[92mINFO [0m:      configure_evaluate: strategy sampled 10 clients (out of 10)
[92mINFO [0m:      aggregate_evaluate: received 10 results and 0 failures
[92mINFO [0m:      
[92mINFO [0m:      [ROUND 244]
[92mINFO [0m:      configure_fit: strategy sampled 10 clients (out of 10)
[92mINFO [0m:      aggregate_fit: received 10 results and 0 failures
[92mINFO [0m:      configure_evaluate: strategy sampled 10 clients (out of 10)
[92mINFO [0m:      aggregate_evaluate: received 10 results and 0 failures
[92mINFO [0m:      
[92mINFO [0m:      [ROUND 245]
[92mINFO [0m:      configure_fit: strategy sampled 10 clients (out of 10)
[92mINFO [0m:      aggregate_fit: received 10 results and 0 failures
[92mINFO [0m:      configure_evaluate: strategy sampled 10 clients (out of 10)
[92mINFO [0m:      aggregate_evaluate: received 10 results and 0 failures
[92mINFO [0m:      
[92mINFO [0m:      [ROUND 246]
[92mINFO [0m:      configure_fit: strategy sampled 10 clients (out of 10)
[92mINFO [0m:      aggregate_fit: received 10 results and 0 failures
[92mINFO [0m:      configure_evaluate: strategy sampled 10 clients (out of 10)
[92mINFO [0m:      aggregate_evaluate: received 10 results and 0 failures
[92mINFO [0m:      
[92mINFO [0m:      [ROUND 247]
[92mINFO [0m:      configure_fit: strategy sampled 10 clients (out of 10)
[92mINFO [0m:      aggregate_fit: received 10 results and 0 failures
[92mINFO [0m:      configure_evaluate: strategy sampled 10 clients (out of 10)
[92mINFO [0m:      aggregate_evaluate: received 10 results and 0 failures
[92mINFO [0m:      
[92mINFO [0m:      [ROUND 248]
[92mINFO [0m:      configure_fit: strategy sampled 10 clients (out of 10)
[92mINFO [0m:      aggregate_fit: received 10 results and 0 failures
[92mINFO [0m:      configure_evaluate: strategy sampled 10 clients (out of 10)
[92mINFO [0m:      aggregate_evaluate: received 10 results and 0 failures
[92mINFO [0m:      
[92mINFO [0m:      [ROUND 249]
[92mINFO [0m:      configure_fit: strategy sampled 10 clients (out of 10)
[92mINFO [0m:      aggregate_fit: received 10 results and 0 failures
[92mINFO [0m:      configure_evaluate: strategy sampled 10 clients (out of 10)
[92mINFO [0m:      aggregate_evaluate: received 10 results and 0 failures
[92mINFO [0m:      
[92mINFO [0m:      [ROUND 250]
[92mINFO [0m:      configure_fit: strategy sampled 10 clients (out of 10)
[92mINFO [0m:      aggregate_fit: received 10 results and 0 failures
[92mINFO [0m:      configure_evaluate: strategy sampled 10 clients (out of 10)
[92mINFO [0m:      aggregate_evaluate: received 10 results and 0 failures
[92mINFO [0m:      
[92mINFO [0m:      [ROUND 251]
[92mINFO [0m:      configure_fit: strategy sampled 10 clients (out of 10)
[92mINFO [0m:      aggregate_fit: received 10 results and 0 failures
[92mINFO [0m:      configure_evaluate: strategy sampled 10 clients (out of 10)
[92mINFO [0m:      aggregate_evaluate: received 10 results and 0 failures
[92mINFO [0m:      
[92mINFO [0m:      [ROUND 252]
[92mINFO [0m:      configure_fit: strategy sampled 10 clients (out of 10)
[92mINFO [0m:      aggregate_fit: received 10 results and 0 failures
[92mINFO [0m:      configure_evaluate: strategy sampled 10 clients (out of 10)
[92mINFO [0m:      aggregate_evaluate: received 10 results and 0 failures
[92mINFO [0m:      
[92mINFO [0m:      [ROUND 253]
[92mINFO [0m:      configure_fit: strategy sampled 10 clients (out of 10)
[92mINFO [0m:      aggregate_fit: received 10 results and 0 failures
[92mINFO [0m:      configure_evaluate: strategy sampled 10 clients (out of 10)
[92mINFO [0m:      aggregate_evaluate: received 10 results and 0 failures
[92mINFO [0m:      
[92mINFO [0m:      [ROUND 254]
[92mINFO [0m:      configure_fit: strategy sampled 10 clients (out of 10)
[92mINFO [0m:      aggregate_fit: received 10 results and 0 failures
[92mINFO [0m:      configure_evaluate: strategy sampled 10 clients (out of 10)
[92mINFO [0m:      aggregate_evaluate: received 10 results and 0 failures
[92mINFO [0m:      
[92mINFO [0m:      [ROUND 255]
[92mINFO [0m:      configure_fit: strategy sampled 10 clients (out of 10)
[92mINFO [0m:      aggregate_fit: received 10 results and 0 failures
[92mINFO [0m:      configure_evaluate: strategy sampled 10 clients (out of 10)
[92mINFO [0m:      aggregate_evaluate: received 10 results and 0 failures
[92mINFO [0m:      
[92mINFO [0m:      [ROUND 256]
[92mINFO [0m:      configure_fit: strategy sampled 10 clients (out of 10)
[92mINFO [0m:      aggregate_fit: received 10 results and 0 failures
[92mINFO [0m:      configure_evaluate: strategy sampled 10 clients (out of 10)
[92mINFO [0m:      aggregate_evaluate: received 10 results and 0 failures
[92mINFO [0m:      
[92mINFO [0m:      [ROUND 257]
[92mINFO [0m:      configure_fit: strategy sampled 10 clients (out of 10)
[92mINFO [0m:      aggregate_fit: received 10 results and 0 failures
[92mINFO [0m:      configure_evaluate: strategy sampled 10 clients (out of 10)
[92mINFO [0m:      aggregate_evaluate: received 10 results and 0 failures
[92mINFO [0m:      
[92mINFO [0m:      [ROUND 258]
[92mINFO [0m:      configure_fit: strategy sampled 10 clients (out of 10)
[92mINFO [0m:      aggregate_fit: received 10 results and 0 failures
[92mINFO [0m:      configure_evaluate: strategy sampled 10 clients (out of 10)
[92mINFO [0m:      aggregate_evaluate: received 10 results and 0 failures
[92mINFO [0m:      
[92mINFO [0m:      [ROUND 259]
[92mINFO [0m:      configure_fit: strategy sampled 10 clients (out of 10)
[92mINFO [0m:      aggregate_fit: received 10 results and 0 failures
[92mINFO [0m:      configure_evaluate: strategy sampled 10 clients (out of 10)
[92mINFO [0m:      aggregate_evaluate: received 10 results and 0 failures
[92mINFO [0m:      
[92mINFO [0m:      [ROUND 260]
[92mINFO [0m:      configure_fit: strategy sampled 10 clients (out of 10)
[92mINFO [0m:      aggregate_fit: received 10 results and 0 failures
[92mINFO [0m:      configure_evaluate: strategy sampled 10 clients (out of 10)
[92mINFO [0m:      aggregate_evaluate: received 10 results and 0 failures
[92mINFO [0m:      
[92mINFO [0m:      [ROUND 261]
[92mINFO [0m:      configure_fit: strategy sampled 10 clients (out of 10)
[92mINFO [0m:      aggregate_fit: received 10 results and 0 failures
[92mINFO [0m:      configure_evaluate: strategy sampled 10 clients (out of 10)
[92mINFO [0m:      aggregate_evaluate: received 10 results and 0 failures
[92mINFO [0m:      
[92mINFO [0m:      [ROUND 262]
[92mINFO [0m:      configure_fit: strategy sampled 10 clients (out of 10)
[92mINFO [0m:      aggregate_fit: received 10 results and 0 failures
[92mINFO [0m:      configure_evaluate: strategy sampled 10 clients (out of 10)
[92mINFO [0m:      aggregate_evaluate: received 10 results and 0 failures
[92mINFO [0m:      
[92mINFO [0m:      [ROUND 263]
[92mINFO [0m:      configure_fit: strategy sampled 10 clients (out of 10)
[92mINFO [0m:      aggregate_fit: received 10 results and 0 failures
[92mINFO [0m:      configure_evaluate: strategy sampled 10 clients (out of 10)
[92mINFO [0m:      aggregate_evaluate: received 10 results and 0 failures
[92mINFO [0m:      
[92mINFO [0m:      [ROUND 264]
[92mINFO [0m:      configure_fit: strategy sampled 10 clients (out of 10)
[92mINFO [0m:      aggregate_fit: received 10 results and 0 failures
[92mINFO [0m:      configure_evaluate: strategy sampled 10 clients (out of 10)
[92mINFO [0m:      aggregate_evaluate: received 10 results and 0 failures
[92mINFO [0m:      
[92mINFO [0m:      [ROUND 265]
[92mINFO [0m:      configure_fit: strategy sampled 10 clients (out of 10)
[92mINFO [0m:      aggregate_fit: received 10 results and 0 failures
[92mINFO [0m:      configure_evaluate: strategy sampled 10 clients (out of 10)
[92mINFO [0m:      aggregate_evaluate: received 10 results and 0 failures
[92mINFO [0m:      
[92mINFO [0m:      [ROUND 266]
[92mINFO [0m:      configure_fit: strategy sampled 10 clients (out of 10)
[92mINFO [0m:      aggregate_fit: received 10 results and 0 failures
[92mINFO [0m:      configure_evaluate: strategy sampled 10 clients (out of 10)
[92mINFO [0m:      aggregate_evaluate: received 10 results and 0 failures
[92mINFO [0m:      
[92mINFO [0m:      [ROUND 267]
[92mINFO [0m:      configure_fit: strategy sampled 10 clients (out of 10)
[92mINFO [0m:      aggregate_fit: received 10 results and 0 failures
[92mINFO [0m:      configure_evaluate: strategy sampled 10 clients (out of 10)
[92mINFO [0m:      aggregate_evaluate: received 10 results and 0 failures
[92mINFO [0m:      
[92mINFO [0m:      [ROUND 268]
[92mINFO [0m:      configure_fit: strategy sampled 10 clients (out of 10)
[92mINFO [0m:      aggregate_fit: received 10 results and 0 failures
[92mINFO [0m:      configure_evaluate: strategy sampled 10 clients (out of 10)
[92mINFO [0m:      aggregate_evaluate: received 10 results and 0 failures
[92mINFO [0m:      
[92mINFO [0m:      [ROUND 269]
[92mINFO [0m:      configure_fit: strategy sampled 10 clients (out of 10)
[92mINFO [0m:      aggregate_fit: received 10 results and 0 failures
[92mINFO [0m:      configure_evaluate: strategy sampled 10 clients (out of 10)
[92mINFO [0m:      aggregate_evaluate: received 10 results and 0 failures
[92mINFO [0m:      
[92mINFO [0m:      [ROUND 270]
[92mINFO [0m:      configure_fit: strategy sampled 10 clients (out of 10)
[92mINFO [0m:      aggregate_fit: received 10 results and 0 failures
[92mINFO [0m:      configure_evaluate: strategy sampled 10 clients (out of 10)
[92mINFO [0m:      aggregate_evaluate: received 10 results and 0 failures
[92mINFO [0m:      
[92mINFO [0m:      [ROUND 271]
[92mINFO [0m:      configure_fit: strategy sampled 10 clients (out of 10)
[92mINFO [0m:      aggregate_fit: received 10 results and 0 failures
[92mINFO [0m:      configure_evaluate: strategy sampled 10 clients (out of 10)
[92mINFO [0m:      aggregate_evaluate: received 10 results and 0 failures
[92mINFO [0m:      
[92mINFO [0m:      [ROUND 272]
[92mINFO [0m:      configure_fit: strategy sampled 10 clients (out of 10)
[92mINFO [0m:      aggregate_fit: received 10 results and 0 failures
[92mINFO [0m:      configure_evaluate: strategy sampled 10 clients (out of 10)
[92mINFO [0m:      aggregate_evaluate: received 10 results and 0 failures
[92mINFO [0m:      
[92mINFO [0m:      [ROUND 273]
[92mINFO [0m:      configure_fit: strategy sampled 10 clients (out of 10)
[92mINFO [0m:      aggregate_fit: received 10 results and 0 failures
[92mINFO [0m:      configure_evaluate: strategy sampled 10 clients (out of 10)
[92mINFO [0m:      aggregate_evaluate: received 10 results and 0 failures
[92mINFO [0m:      
[92mINFO [0m:      [ROUND 274]
[92mINFO [0m:      configure_fit: strategy sampled 10 clients (out of 10)
[92mINFO [0m:      aggregate_fit: received 10 results and 0 failures
[92mINFO [0m:      configure_evaluate: strategy sampled 10 clients (out of 10)
[92mINFO [0m:      aggregate_evaluate: received 10 results and 0 failures
[92mINFO [0m:      
[92mINFO [0m:      [ROUND 275]
[92mINFO [0m:      configure_fit: strategy sampled 10 clients (out of 10)
[92mINFO [0m:      aggregate_fit: received 10 results and 0 failures
[92mINFO [0m:      configure_evaluate: strategy sampled 10 clients (out of 10)
[92mINFO [0m:      aggregate_evaluate: received 10 results and 0 failures
[92mINFO [0m:      
[92mINFO [0m:      [ROUND 276]
[92mINFO [0m:      configure_fit: strategy sampled 10 clients (out of 10)
[92mINFO [0m:      aggregate_fit: received 10 results and 0 failures
[92mINFO [0m:      configure_evaluate: strategy sampled 10 clients (out of 10)
[92mINFO [0m:      aggregate_evaluate: received 10 results and 0 failures
[92mINFO [0m:      
[92mINFO [0m:      [ROUND 277]
[92mINFO [0m:      configure_fit: strategy sampled 10 clients (out of 10)
[92mINFO [0m:      aggregate_fit: received 10 results and 0 failures
[92mINFO [0m:      configure_evaluate: strategy sampled 10 clients (out of 10)
[92mINFO [0m:      aggregate_evaluate: received 10 results and 0 failures
[92mINFO [0m:      
[92mINFO [0m:      [ROUND 278]
[92mINFO [0m:      configure_fit: strategy sampled 10 clients (out of 10)
[92mINFO [0m:      aggregate_fit: received 10 results and 0 failures
[92mINFO [0m:      configure_evaluate: strategy sampled 10 clients (out of 10)
[92mINFO [0m:      aggregate_evaluate: received 10 results and 0 failures
[92mINFO [0m:      
[92mINFO [0m:      [ROUND 279]
[92mINFO [0m:      configure_fit: strategy sampled 10 clients (out of 10)
[92mINFO [0m:      aggregate_fit: received 10 results and 0 failures
[92mINFO [0m:      configure_evaluate: strategy sampled 10 clients (out of 10)
[92mINFO [0m:      aggregate_evaluate: received 10 results and 0 failures
[92mINFO [0m:      
[92mINFO [0m:      [ROUND 280]
[92mINFO [0m:      configure_fit: strategy sampled 10 clients (out of 10)
[92mINFO [0m:      aggregate_fit: received 10 results and 0 failures
[92mINFO [0m:      configure_evaluate: strategy sampled 10 clients (out of 10)
[92mINFO [0m:      aggregate_evaluate: received 10 results and 0 failures
[92mINFO [0m:      
[92mINFO [0m:      [ROUND 281]
[92mINFO [0m:      configure_fit: strategy sampled 10 clients (out of 10)
[92mINFO [0m:      aggregate_fit: received 10 results and 0 failures
[92mINFO [0m:      configure_evaluate: strategy sampled 10 clients (out of 10)
[92mINFO [0m:      aggregate_evaluate: received 10 results and 0 failures
[92mINFO [0m:      
[92mINFO [0m:      [ROUND 282]
[92mINFO [0m:      configure_fit: strategy sampled 10 clients (out of 10)
[92mINFO [0m:      aggregate_fit: received 10 results and 0 failures
[92mINFO [0m:      configure_evaluate: strategy sampled 10 clients (out of 10)
[92mINFO [0m:      aggregate_evaluate: received 10 results and 0 failures
[92mINFO [0m:      
[92mINFO [0m:      [ROUND 283]
[92mINFO [0m:      configure_fit: strategy sampled 10 clients (out of 10)
[92mINFO [0m:      aggregate_fit: received 10 results and 0 failures
[92mINFO [0m:      configure_evaluate: strategy sampled 10 clients (out of 10)
[92mINFO [0m:      aggregate_evaluate: received 10 results and 0 failures
Loading all client states...
Loading all client states...
Loading all client states...
Loading all client states...
Loading all client states...
Loading all client states...
Loading all client states...
Loading all client states...
Loading all client states...
Loading all client states...
Loading all client states...
Loading all client states...
Loading all client states...
Loading all client states...
Loading all client states...
Loading all client states...
Loading all client states...
Loading all client states...
Loading all client states...
Loading all client states...
Loading all client states...
Loading all client states...
Loading all client states...
Loading all client states...
Loading all client states...
Loading all client states...
Loading all client states...
Loading all client states...
Loading all client states...
Loading all client states...
Loading all client states...
Loading all client states...
Loading all client states...
Loading all client states...
Loading all client states...
Loading all client states...
Loading all client states...
Loading all client states...
Loading all client states...
Loading all client states...
Loading all client states...
Loading all client states...
Loading all client states...
Loading all client states...
Loading all client states...
Loading all client states...
Loading all client states...
Loading all client states...
Loading all client states...
Loading all client states...
Loading all client states...
Loading all client states...
Loading all client states...
Loading all client states...
Loading all client states...
Loading all client states...
Loading all client states...
Loading all client states...
Loading all client states...
Loading all client states...
Loading all client states...
Loading all client states...
Loading all client states...
Loading all client states...
Loading all client states...
Loading all client states...
Loading all client states...
Loading all client states...
Loading all client states...
Loading all client states...
Loading all client states...
Loading all client states...
Loading all client states...
Loading all client states...
Loading all client states...
Loading all client states...
Loading all client states...
Loading all client states...
Loading all client states...
Loading all client states...
Loading all client states...
Loading all client states...
Loading all client states...
Loading all client states...
Loading all client states...
Loading all client states...
Loading all client states...
Loading all client states...
Loading all client states...
Loading all client states...
Loading all client states...
Loading all client states...
Loading all client states...
Loading all client states...
Loading all client states...
Loading all client states...
Loading all client states...
Loading all client states...
Loading all client states...
Loading all client states...
Loading all client states...
Loading all client states...
Loading all client states...
Loading all client states...
Loading all client states...
Loading all client states...
Loading all client states...
Loading all client states...
Loading all client states...
Loading all client states...
Loading all client states...
Loading all client states...
Loading all client states...
Loading all client states...
Loading all client states...
Loading all client states...
Loading all client states...
Loading all client states...
Loading all client states...
Loading all client states...
Loading all client states...
Loading all client states...
Loading all client states...
Loading all client states...
Loading all client states...
Loading all client states...
Loading all client states...
Loading all client states...
Loading all client states...
Loading all client states...
Loading all client states...
Loading all client states...
Loading all client states...
Loading all client states...
Loading all client states...
Loading all client states...
Loading all client states...
Loading all client states...
Loading all client states...
Loading all client states...
Loading all client states...
Loading all client states...
Loading all client states...
Loading all client states...
Loading all client states...
Loading all client states...
Loading all client states...
Loading all client states...
Loading all client states...
Loading all client states...
Loading all client states...
Loading all client states...
Loading all client states...
Loading all client states...
Loading all client states...
Loading all client states...
Loading all client states...
Loading all client states...
Loading all client states...
Loading all client states...
Loading all client states...
Loading all client states...
Loading all client states...
Loading all client states...
Loading all client states...
Loading all client states...
Loading all client states...
Loading all client states...
Loading all client states...
Loading all client states...
Loading all client states...
Loading all client states...
Loading all client states...
Loading all client states...
Loading all client states...
Loading all client states...
Loading all client states...
Loading all client states...
Loading all client states...
Loading all client states...
Loading all client states...
Loading all client states...
Loading all client states...
Loading all client states...
Loading all client states...
Loading all client states...
Loading all client states...
Loading all client states...
Loading all client states...
Loading all client states...
Loading all client states...
Loading all client states...
Loading all client states...
Loading all client states...
Loading all client states...
Loading all client states...
Loading all client states...
Loading all client states...
Loading all client states...
Loading all client states...
Loading all client states...
Loading all client states...
Loading all client states...
Loading all client states...
Loading all client states...
Loading all client states...
Loading all client states...
Loading all client states...
Loading all client states...
Loading all client states...
Loading all client states...
Loading all client states...
Loading all client states...
Loading all client states...
Loading all client states...
Loading all client states...
Loading all client states...
Loading all client states...
Loading all client states...
Loading all client states...
Loading all client states...
Loading all client states...
Loading all client states...
Loading all client states...
Loading all client states...
Loading all client states...
Loading all client states...
Loading all client states...
Loading all client states...
Loading all client states...
Loading all client states...
Loading all client states...
Loading all client states...
Loading all client states...
Loading all client states...
Loading all client states...
Loading all client states...
Loading all client states...
Loading all client states...
Loading all client states...
Loading all client states...
Loading all client states...
Loading all client states...
Loading all client states...
Loading all client states...
Loading all client states...
Loading all client states...
Loading all client states...
Loading all client states...
Loading all client states...
Loading all client states...
Loading all client states...
Loading all client states...
Loading all client states...
Loading all client states...
Loading all client states...
Loading all client states...
Loading all client states...
Loading all client states...
Loading all client states...
Loading all client states...
Loading all client states...
Loading all client states...
Loading all client states...
Loading all client states...
Loading all client states...
Loading all client states...
Loading all client states...
Loading all client states...
Loading all client states...
Loading all client states...
Loading all client states...
Loading all client states...
Loading all client states...
Loading all client states...
Loading all client states...
Loading all client states...
Loading all client states...
Loading all client states...
Loading all client states...
Loading all client states...
Loading all client states...
Loading all client states...[92mINFO [0m:      
[92mINFO [0m:      [ROUND 284]
[92mINFO [0m:      configure_fit: strategy sampled 10 clients (out of 10)
[92mINFO [0m:      aggregate_fit: received 10 results and 0 failures
[92mINFO [0m:      configure_evaluate: strategy sampled 10 clients (out of 10)
[92mINFO [0m:      aggregate_evaluate: received 10 results and 0 failures
[92mINFO [0m:      
[92mINFO [0m:      [ROUND 285]
[92mINFO [0m:      configure_fit: strategy sampled 10 clients (out of 10)
[92mINFO [0m:      aggregate_fit: received 10 results and 0 failures
[92mINFO [0m:      configure_evaluate: strategy sampled 10 clients (out of 10)
[92mINFO [0m:      aggregate_evaluate: received 10 results and 0 failures
[92mINFO [0m:      
[92mINFO [0m:      [ROUND 286]
[92mINFO [0m:      configure_fit: strategy sampled 10 clients (out of 10)
[92mINFO [0m:      aggregate_fit: received 10 results and 0 failures
[92mINFO [0m:      configure_evaluate: strategy sampled 10 clients (out of 10)
[92mINFO [0m:      aggregate_evaluate: received 10 results and 0 failures
[92mINFO [0m:      
[92mINFO [0m:      [ROUND 287]
[92mINFO [0m:      configure_fit: strategy sampled 10 clients (out of 10)
[92mINFO [0m:      aggregate_fit: received 10 results and 0 failures
[92mINFO [0m:      configure_evaluate: strategy sampled 10 clients (out of 10)
[92mINFO [0m:      aggregate_evaluate: received 10 results and 0 failures
[92mINFO [0m:      
[92mINFO [0m:      [ROUND 288]
[92mINFO [0m:      configure_fit: strategy sampled 10 clients (out of 10)
[92mINFO [0m:      aggregate_fit: received 10 results and 0 failures
[92mINFO [0m:      configure_evaluate: strategy sampled 10 clients (out of 10)
[92mINFO [0m:      aggregate_evaluate: received 10 results and 0 failures
[92mINFO [0m:      
[92mINFO [0m:      [ROUND 289]
[92mINFO [0m:      configure_fit: strategy sampled 10 clients (out of 10)
[92mINFO [0m:      aggregate_fit: received 10 results and 0 failures
[92mINFO [0m:      configure_evaluate: strategy sampled 10 clients (out of 10)
[92mINFO [0m:      aggregate_evaluate: received 10 results and 0 failures
[92mINFO [0m:      
[92mINFO [0m:      [ROUND 290]
[92mINFO [0m:      configure_fit: strategy sampled 10 clients (out of 10)
[92mINFO [0m:      aggregate_fit: received 10 results and 0 failures
[92mINFO [0m:      configure_evaluate: strategy sampled 10 clients (out of 10)
[92mINFO [0m:      aggregate_evaluate: received 10 results and 0 failures
[92mINFO [0m:      
[92mINFO [0m:      [ROUND 291]
[92mINFO [0m:      configure_fit: strategy sampled 10 clients (out of 10)
[92mINFO [0m:      aggregate_fit: received 10 results and 0 failures
[92mINFO [0m:      configure_evaluate: strategy sampled 10 clients (out of 10)
[92mINFO [0m:      aggregate_evaluate: received 10 results and 0 failures
[92mINFO [0m:      
[92mINFO [0m:      [ROUND 292]
[92mINFO [0m:      configure_fit: strategy sampled 10 clients (out of 10)
[92mINFO [0m:      aggregate_fit: received 10 results and 0 failures
[92mINFO [0m:      configure_evaluate: strategy sampled 10 clients (out of 10)
[92mINFO [0m:      aggregate_evaluate: received 10 results and 0 failures
[92mINFO [0m:      
[92mINFO [0m:      [ROUND 293]
[92mINFO [0m:      configure_fit: strategy sampled 10 clients (out of 10)
[92mINFO [0m:      aggregate_fit: received 10 results and 0 failures
[92mINFO [0m:      configure_evaluate: strategy sampled 10 clients (out of 10)
[92mINFO [0m:      aggregate_evaluate: received 10 results and 0 failures
[92mINFO [0m:      
[92mINFO [0m:      [ROUND 294]
[92mINFO [0m:      configure_fit: strategy sampled 10 clients (out of 10)
[92mINFO [0m:      aggregate_fit: received 10 results and 0 failures
[92mINFO [0m:      configure_evaluate: strategy sampled 10 clients (out of 10)
[92mINFO [0m:      aggregate_evaluate: received 10 results and 0 failures
[92mINFO [0m:      
[92mINFO [0m:      [ROUND 295]
[92mINFO [0m:      configure_fit: strategy sampled 10 clients (out of 10)
[92mINFO [0m:      aggregate_fit: received 10 results and 0 failures
[92mINFO [0m:      configure_evaluate: strategy sampled 10 clients (out of 10)
[92mINFO [0m:      aggregate_evaluate: received 10 results and 0 failures
[92mINFO [0m:      
[92mINFO [0m:      [ROUND 296]
[92mINFO [0m:      configure_fit: strategy sampled 10 clients (out of 10)
[92mINFO [0m:      aggregate_fit: received 10 results and 0 failures
[92mINFO [0m:      configure_evaluate: strategy sampled 10 clients (out of 10)
[92mINFO [0m:      aggregate_evaluate: received 10 results and 0 failures
[92mINFO [0m:      
[92mINFO [0m:      [ROUND 297]
[92mINFO [0m:      configure_fit: strategy sampled 10 clients (out of 10)
[92mINFO [0m:      aggregate_fit: received 10 results and 0 failures
[92mINFO [0m:      configure_evaluate: strategy sampled 10 clients (out of 10)
[92mINFO [0m:      aggregate_evaluate: received 10 results and 0 failures
[92mINFO [0m:      
[92mINFO [0m:      [ROUND 298]
[92mINFO [0m:      configure_fit: strategy sampled 10 clients (out of 10)
[92mINFO [0m:      aggregate_fit: received 10 results and 0 failures
[92mINFO [0m:      configure_evaluate: strategy sampled 10 clients (out of 10)
[92mINFO [0m:      aggregate_evaluate: received 10 results and 0 failures
[92mINFO [0m:      
[92mINFO [0m:      [ROUND 299]
[92mINFO [0m:      configure_fit: strategy sampled 10 clients (out of 10)
[92mINFO [0m:      aggregate_fit: received 10 results and 0 failures
[92mINFO [0m:      configure_evaluate: strategy sampled 10 clients (out of 10)
[92mINFO [0m:      aggregate_evaluate: received 10 results and 0 failures
[92mINFO [0m:      
[92mINFO [0m:      [ROUND 300]
[92mINFO [0m:      configure_fit: strategy sampled 10 clients (out of 10)
[92mINFO [0m:      aggregate_fit: received 10 results and 0 failures
[92mINFO [0m:      configure_evaluate: strategy sampled 10 clients (out of 10)
[92mINFO [0m:      aggregate_evaluate: received 10 results and 0 failures
[92mINFO [0m:      
[92mINFO [0m:      [ROUND 301]
[92mINFO [0m:      configure_fit: strategy sampled 10 clients (out of 10)
[92mINFO [0m:      aggregate_fit: received 10 results and 0 failures
[92mINFO [0m:      configure_evaluate: strategy sampled 10 clients (out of 10)
[92mINFO [0m:      aggregate_evaluate: received 10 results and 0 failures
[92mINFO [0m:      
[92mINFO [0m:      [ROUND 302]
[92mINFO [0m:      configure_fit: strategy sampled 10 clients (out of 10)
[92mINFO [0m:      aggregate_fit: received 10 results and 0 failures
[92mINFO [0m:      configure_evaluate: strategy sampled 10 clients (out of 10)
[92mINFO [0m:      aggregate_evaluate: received 10 results and 0 failures
[92mINFO [0m:      
[92mINFO [0m:      [ROUND 303]
[92mINFO [0m:      configure_fit: strategy sampled 10 clients (out of 10)
[92mINFO [0m:      aggregate_fit: received 10 results and 0 failures
[92mINFO [0m:      configure_evaluate: strategy sampled 10 clients (out of 10)
[92mINFO [0m:      aggregate_evaluate: received 10 results and 0 failures
[92mINFO [0m:      
[92mINFO [0m:      [ROUND 304]
[92mINFO [0m:      configure_fit: strategy sampled 10 clients (out of 10)
[92mINFO [0m:      aggregate_fit: received 10 results and 0 failures
[92mINFO [0m:      configure_evaluate: strategy sampled 10 clients (out of 10)
[92mINFO [0m:      aggregate_evaluate: received 10 results and 0 failures
[92mINFO [0m:      
[92mINFO [0m:      [ROUND 305]
[92mINFO [0m:      configure_fit: strategy sampled 10 clients (out of 10)
[92mINFO [0m:      aggregate_fit: received 10 results and 0 failures
[92mINFO [0m:      configure_evaluate: strategy sampled 10 clients (out of 10)
[92mINFO [0m:      aggregate_evaluate: received 10 results and 0 failures
[92mINFO [0m:      
[92mINFO [0m:      [ROUND 306]
[92mINFO [0m:      configure_fit: strategy sampled 10 clients (out of 10)
[92mINFO [0m:      aggregate_fit: received 10 results and 0 failures
[92mINFO [0m:      configure_evaluate: strategy sampled 10 clients (out of 10)
[92mINFO [0m:      aggregate_evaluate: received 10 results and 0 failures
[92mINFO [0m:      
[92mINFO [0m:      [ROUND 307]
[92mINFO [0m:      configure_fit: strategy sampled 10 clients (out of 10)
[92mINFO [0m:      aggregate_fit: received 10 results and 0 failures
[92mINFO [0m:      configure_evaluate: strategy sampled 10 clients (out of 10)
[92mINFO [0m:      aggregate_evaluate: received 10 results and 0 failures
[92mINFO [0m:      
[92mINFO [0m:      [ROUND 308]
[92mINFO [0m:      configure_fit: strategy sampled 10 clients (out of 10)
[92mINFO [0m:      aggregate_fit: received 10 results and 0 failures
[92mINFO [0m:      configure_evaluate: strategy sampled 10 clients (out of 10)
[92mINFO [0m:      aggregate_evaluate: received 10 results and 0 failures
[92mINFO [0m:      
[92mINFO [0m:      [ROUND 309]
[92mINFO [0m:      configure_fit: strategy sampled 10 clients (out of 10)
[92mINFO [0m:      aggregate_fit: received 10 results and 0 failures
[92mINFO [0m:      configure_evaluate: strategy sampled 10 clients (out of 10)
[92mINFO [0m:      aggregate_evaluate: received 10 results and 0 failures
[92mINFO [0m:      
[92mINFO [0m:      [ROUND 310]
[92mINFO [0m:      configure_fit: strategy sampled 10 clients (out of 10)
[92mINFO [0m:      aggregate_fit: received 10 results and 0 failures
[92mINFO [0m:      configure_evaluate: strategy sampled 10 clients (out of 10)
[92mINFO [0m:      aggregate_evaluate: received 10 results and 0 failures
[92mINFO [0m:      
[92mINFO [0m:      [ROUND 311]
[92mINFO [0m:      configure_fit: strategy sampled 10 clients (out of 10)
[92mINFO [0m:      aggregate_fit: received 10 results and 0 failures
[92mINFO [0m:      configure_evaluate: strategy sampled 10 clients (out of 10)
[92mINFO [0m:      aggregate_evaluate: received 10 results and 0 failures
[92mINFO [0m:      
[92mINFO [0m:      [ROUND 312]
[92mINFO [0m:      configure_fit: strategy sampled 10 clients (out of 10)
[92mINFO [0m:      aggregate_fit: received 10 results and 0 failures
[92mINFO [0m:      configure_evaluate: strategy sampled 10 clients (out of 10)
[92mINFO [0m:      aggregate_evaluate: received 10 results and 0 failures
[92mINFO [0m:      
[92mINFO [0m:      [ROUND 313]
[92mINFO [0m:      configure_fit: strategy sampled 10 clients (out of 10)
[92mINFO [0m:      aggregate_fit: received 10 results and 0 failures
[92mINFO [0m:      configure_evaluate: strategy sampled 10 clients (out of 10)
[92mINFO [0m:      aggregate_evaluate: received 10 results and 0 failures
[92mINFO [0m:      
[92mINFO [0m:      [ROUND 314]
[92mINFO [0m:      configure_fit: strategy sampled 10 clients (out of 10)
[92mINFO [0m:      aggregate_fit: received 10 results and 0 failures
[92mINFO [0m:      configure_evaluate: strategy sampled 10 clients (out of 10)
[92mINFO [0m:      aggregate_evaluate: received 10 results and 0 failures
[92mINFO [0m:      
[92mINFO [0m:      [ROUND 315]
[92mINFO [0m:      configure_fit: strategy sampled 10 clients (out of 10)
[92mINFO [0m:      aggregate_fit: received 10 results and 0 failures
[92mINFO [0m:      configure_evaluate: strategy sampled 10 clients (out of 10)
[92mINFO [0m:      aggregate_evaluate: received 10 results and 0 failures
[92mINFO [0m:      
[92mINFO [0m:      [ROUND 316]
[92mINFO [0m:      configure_fit: strategy sampled 10 clients (out of 10)
[92mINFO [0m:      aggregate_fit: received 10 results and 0 failures
[92mINFO [0m:      configure_evaluate: strategy sampled 10 clients (out of 10)
[92mINFO [0m:      aggregate_evaluate: received 10 results and 0 failures
[92mINFO [0m:      
[92mINFO [0m:      [ROUND 317]
[92mINFO [0m:      configure_fit: strategy sampled 10 clients (out of 10)
[92mINFO [0m:      aggregate_fit: received 10 results and 0 failures
[92mINFO [0m:      configure_evaluate: strategy sampled 10 clients (out of 10)
[92mINFO [0m:      aggregate_evaluate: received 10 results and 0 failures
[92mINFO [0m:      
[92mINFO [0m:      [ROUND 318]
[92mINFO [0m:      configure_fit: strategy sampled 10 clients (out of 10)
[92mINFO [0m:      aggregate_fit: received 10 results and 0 failures
[92mINFO [0m:      configure_evaluate: strategy sampled 10 clients (out of 10)
[92mINFO [0m:      aggregate_evaluate: received 10 results and 0 failures
[92mINFO [0m:      
[92mINFO [0m:      [ROUND 319]
[92mINFO [0m:      configure_fit: strategy sampled 10 clients (out of 10)
[92mINFO [0m:      aggregate_fit: received 10 results and 0 failures
[92mINFO [0m:      configure_evaluate: strategy sampled 10 clients (out of 10)
[92mINFO [0m:      aggregate_evaluate: received 10 results and 0 failures
[92mINFO [0m:      
[92mINFO [0m:      [ROUND 320]
[92mINFO [0m:      configure_fit: strategy sampled 10 clients (out of 10)
[92mINFO [0m:      aggregate_fit: received 10 results and 0 failures
[92mINFO [0m:      configure_evaluate: strategy sampled 10 clients (out of 10)
[92mINFO [0m:      aggregate_evaluate: received 10 results and 0 failures
[92mINFO [0m:      
[92mINFO [0m:      [ROUND 321]
[92mINFO [0m:      configure_fit: strategy sampled 10 clients (out of 10)
[92mINFO [0m:      aggregate_fit: received 10 results and 0 failures
[92mINFO [0m:      configure_evaluate: strategy sampled 10 clients (out of 10)
[92mINFO [0m:      aggregate_evaluate: received 10 results and 0 failures
[92mINFO [0m:      
[92mINFO [0m:      [ROUND 322]
[92mINFO [0m:      configure_fit: strategy sampled 10 clients (out of 10)
[92mINFO [0m:      aggregate_fit: received 10 results and 0 failures
[92mINFO [0m:      configure_evaluate: strategy sampled 10 clients (out of 10)
[92mINFO [0m:      aggregate_evaluate: received 10 results and 0 failures
[92mINFO [0m:      
[92mINFO [0m:      [ROUND 323]
[92mINFO [0m:      configure_fit: strategy sampled 10 clients (out of 10)
[92mINFO [0m:      aggregate_fit: received 10 results and 0 failures
[92mINFO [0m:      configure_evaluate: strategy sampled 10 clients (out of 10)
[92mINFO [0m:      aggregate_evaluate: received 10 results and 0 failures
[92mINFO [0m:      
[92mINFO [0m:      [ROUND 324]
[92mINFO [0m:      configure_fit: strategy sampled 10 clients (out of 10)
[92mINFO [0m:      aggregate_fit: received 10 results and 0 failures
[92mINFO [0m:      configure_evaluate: strategy sampled 10 clients (out of 10)
[92mINFO [0m:      aggregate_evaluate: received 10 results and 0 failures
[92mINFO [0m:      
[92mINFO [0m:      [ROUND 325]
[92mINFO [0m:      configure_fit: strategy sampled 10 clients (out of 10)
[92mINFO [0m:      aggregate_fit: received 10 results and 0 failures
[92mINFO [0m:      configure_evaluate: strategy sampled 10 clients (out of 10)
[92mINFO [0m:      aggregate_evaluate: received 10 results and 0 failures
[92mINFO [0m:      
[92mINFO [0m:      [ROUND 326]
[92mINFO [0m:      configure_fit: strategy sampled 10 clients (out of 10)
[92mINFO [0m:      aggregate_fit: received 10 results and 0 failures
[92mINFO [0m:      configure_evaluate: strategy sampled 10 clients (out of 10)
[92mINFO [0m:      aggregate_evaluate: received 10 results and 0 failures
[92mINFO [0m:      
[92mINFO [0m:      [ROUND 327]
[92mINFO [0m:      configure_fit: strategy sampled 10 clients (out of 10)
[92mINFO [0m:      aggregate_fit: received 10 results and 0 failures
[92mINFO [0m:      configure_evaluate: strategy sampled 10 clients (out of 10)
[92mINFO [0m:      aggregate_evaluate: received 10 results and 0 failures
[92mINFO [0m:      
[92mINFO [0m:      [ROUND 328]
[92mINFO [0m:      configure_fit: strategy sampled 10 clients (out of 10)
[92mINFO [0m:      aggregate_fit: received 10 results and 0 failures
[92mINFO [0m:      configure_evaluate: strategy sampled 10 clients (out of 10)
[92mINFO [0m:      aggregate_evaluate: received 10 results and 0 failures
[92mINFO [0m:      
[92mINFO [0m:      [ROUND 329]
[92mINFO [0m:      configure_fit: strategy sampled 10 clients (out of 10)
[92mINFO [0m:      aggregate_fit: received 10 results and 0 failures
[92mINFO [0m:      configure_evaluate: strategy sampled 10 clients (out of 10)
[92mINFO [0m:      aggregate_evaluate: received 10 results and 0 failures
[92mINFO [0m:      
[92mINFO [0m:      [ROUND 330]
[92mINFO [0m:      configure_fit: strategy sampled 10 clients (out of 10)
[92mINFO [0m:      aggregate_fit: received 10 results and 0 failures
[92mINFO [0m:      configure_evaluate: strategy sampled 10 clients (out of 10)
[92mINFO [0m:      aggregate_evaluate: received 10 results and 0 failures
[92mINFO [0m:      
[92mINFO [0m:      [ROUND 331]
[92mINFO [0m:      configure_fit: strategy sampled 10 clients (out of 10)
[92mINFO [0m:      aggregate_fit: received 10 results and 0 failures
[92mINFO [0m:      configure_evaluate: strategy sampled 10 clients (out of 10)
[92mINFO [0m:      aggregate_evaluate: received 10 results and 0 failures
[92mINFO [0m:      
[92mINFO [0m:      [ROUND 332]
[92mINFO [0m:      configure_fit: strategy sampled 10 clients (out of 10)
[92mINFO [0m:      aggregate_fit: received 10 results and 0 failures
[92mINFO [0m:      configure_evaluate: strategy sampled 10 clients (out of 10)
[92mINFO [0m:      aggregate_evaluate: received 10 results and 0 failures
[92mINFO [0m:      
[92mINFO [0m:      [ROUND 333]
[92mINFO [0m:      configure_fit: strategy sampled 10 clients (out of 10)
[92mINFO [0m:      aggregate_fit: received 10 results and 0 failures
[92mINFO [0m:      configure_evaluate: strategy sampled 10 clients (out of 10)
[92mINFO [0m:      aggregate_evaluate: received 10 results and 0 failures
[92mINFO [0m:      
[92mINFO [0m:      [ROUND 334]
[92mINFO [0m:      configure_fit: strategy sampled 10 clients (out of 10)
[92mINFO [0m:      aggregate_fit: received 10 results and 0 failures
[92mINFO [0m:      configure_evaluate: strategy sampled 10 clients (out of 10)
[92mINFO [0m:      aggregate_evaluate: received 10 results and 0 failures
[92mINFO [0m:      
[92mINFO [0m:      [ROUND 335]
[92mINFO [0m:      configure_fit: strategy sampled 10 clients (out of 10)
[92mINFO [0m:      aggregate_fit: received 10 results and 0 failures
[92mINFO [0m:      configure_evaluate: strategy sampled 10 clients (out of 10)
[92mINFO [0m:      aggregate_evaluate: received 10 results and 0 failures
[92mINFO [0m:      
[92mINFO [0m:      [ROUND 336]
[92mINFO [0m:      configure_fit: strategy sampled 10 clients (out of 10)
[92mINFO [0m:      aggregate_fit: received 10 results and 0 failures
[92mINFO [0m:      configure_evaluate: strategy sampled 10 clients (out of 10)
[92mINFO [0m:      aggregate_evaluate: received 10 results and 0 failures
[92mINFO [0m:      
[92mINFO [0m:      [ROUND 337]
[92mINFO [0m:      configure_fit: strategy sampled 10 clients (out of 10)
[92mINFO [0m:      aggregate_fit: received 10 results and 0 failures
[92mINFO [0m:      configure_evaluate: strategy sampled 10 clients (out of 10)
[92mINFO [0m:      aggregate_evaluate: received 10 results and 0 failures
[92mINFO [0m:      
[92mINFO [0m:      [ROUND 338]
[92mINFO [0m:      configure_fit: strategy sampled 10 clients (out of 10)
[92mINFO [0m:      aggregate_fit: received 10 results and 0 failures
[92mINFO [0m:      configure_evaluate: strategy sampled 10 clients (out of 10)
[92mINFO [0m:      aggregate_evaluate: received 10 results and 0 failures
[92mINFO [0m:      
[92mINFO [0m:      [ROUND 339]
[92mINFO [0m:      configure_fit: strategy sampled 10 clients (out of 10)
[92mINFO [0m:      aggregate_fit: received 10 results and 0 failures
[92mINFO [0m:      configure_evaluate: strategy sampled 10 clients (out of 10)
[92mINFO [0m:      aggregate_evaluate: received 10 results and 0 failures
[92mINFO [0m:      
[92mINFO [0m:      [ROUND 340]
[92mINFO [0m:      configure_fit: strategy sampled 10 clients (out of 10)
[92mINFO [0m:      aggregate_fit: received 10 results and 0 failures
[92mINFO [0m:      configure_evaluate: strategy sampled 10 clients (out of 10)
[92mINFO [0m:      aggregate_evaluate: received 10 results and 0 failures
[92mINFO [0m:      
[92mINFO [0m:      [ROUND 341]
[92mINFO [0m:      configure_fit: strategy sampled 10 clients (out of 10)
[92mINFO [0m:      aggregate_fit: received 10 results and 0 failures
[92mINFO [0m:      configure_evaluate: strategy sampled 10 clients (out of 10)
[92mINFO [0m:      aggregate_evaluate: received 10 results and 0 failures
[92mINFO [0m:      
[92mINFO [0m:      [ROUND 342]
[92mINFO [0m:      configure_fit: strategy sampled 10 clients (out of 10)
[92mINFO [0m:      aggregate_fit: received 10 results and 0 failures
[92mINFO [0m:      configure_evaluate: strategy sampled 10 clients (out of 10)
[92mINFO [0m:      aggregate_evaluate: received 10 results and 0 failures
[92mINFO [0m:      
[92mINFO [0m:      [ROUND 343]
[92mINFO [0m:      configure_fit: strategy sampled 10 clients (out of 10)
[92mINFO [0m:      aggregate_fit: received 10 results and 0 failures
[92mINFO [0m:      configure_evaluate: strategy sampled 10 clients (out of 10)
[92mINFO [0m:      aggregate_evaluate: received 10 results and 0 failures
[92mINFO [0m:      
[92mINFO [0m:      [ROUND 344]
[92mINFO [0m:      configure_fit: strategy sampled 10 clients (out of 10)
[92mINFO [0m:      aggregate_fit: received 10 results and 0 failures
[92mINFO [0m:      configure_evaluate: strategy sampled 10 clients (out of 10)
[92mINFO [0m:      aggregate_evaluate: received 10 results and 0 failures
[92mINFO [0m:      
[92mINFO [0m:      [ROUND 345]
[92mINFO [0m:      configure_fit: strategy sampled 10 clients (out of 10)
[92mINFO [0m:      aggregate_fit: received 10 results and 0 failures
[92mINFO [0m:      configure_evaluate: strategy sampled 10 clients (out of 10)
[92mINFO [0m:      aggregate_evaluate: received 10 results and 0 failures
[92mINFO [0m:      
[92mINFO [0m:      [ROUND 346]
[92mINFO [0m:      configure_fit: strategy sampled 10 clients (out of 10)
[92mINFO [0m:      aggregate_fit: received 10 results and 0 failures
[92mINFO [0m:      configure_evaluate: strategy sampled 10 clients (out of 10)
[92mINFO [0m:      aggregate_evaluate: received 10 results and 0 failures
[92mINFO [0m:      
[92mINFO [0m:      [ROUND 347]
[92mINFO [0m:      configure_fit: strategy sampled 10 clients (out of 10)
[92mINFO [0m:      aggregate_fit: received 10 results and 0 failures
[92mINFO [0m:      configure_evaluate: strategy sampled 10 clients (out of 10)
[92mINFO [0m:      aggregate_evaluate: received 10 results and 0 failures
[92mINFO [0m:      
[92mINFO [0m:      [ROUND 348]
[92mINFO [0m:      configure_fit: strategy sampled 10 clients (out of 10)
[92mINFO [0m:      aggregate_fit: received 10 results and 0 failures
[92mINFO [0m:      configure_evaluate: strategy sampled 10 clients (out of 10)
[92mINFO [0m:      aggregate_evaluate: received 10 results and 0 failures
[92mINFO [0m:      
[92mINFO [0m:      [ROUND 349]
[92mINFO [0m:      configure_fit: strategy sampled 10 clients (out of 10)
[92mINFO [0m:      aggregate_fit: received 10 results and 0 failures
[92mINFO [0m:      configure_evaluate: strategy sampled 10 clients (out of 10)
[92mINFO [0m:      aggregate_evaluate: received 10 results and 0 failures
[92mINFO [0m:      
[92mINFO [0m:      [ROUND 350]
[92mINFO [0m:      configure_fit: strategy sampled 10 clients (out of 10)
[92mINFO [0m:      aggregate_fit: received 10 results and 0 failures
[92mINFO [0m:      configure_evaluate: strategy sampled 10 clients (out of 10)
[92mINFO [0m:      aggregate_evaluate: received 10 results and 0 failures
[92mINFO [0m:      
[92mINFO [0m:      [ROUND 351]
[92mINFO [0m:      configure_fit: strategy sampled 10 clients (out of 10)
[92mINFO [0m:      aggregate_fit: received 10 results and 0 failures
[92mINFO [0m:      configure_evaluate: strategy sampled 10 clients (out of 10)
[92mINFO [0m:      aggregate_evaluate: received 10 results and 0 failures
[92mINFO [0m:      
[92mINFO [0m:      [ROUND 352]
[92mINFO [0m:      configure_fit: strategy sampled 10 clients (out of 10)
[92mINFO [0m:      aggregate_fit: received 10 results and 0 failures
[92mINFO [0m:      configure_evaluate: strategy sampled 10 clients (out of 10)
[92mINFO [0m:      aggregate_evaluate: received 10 results and 0 failures
[92mINFO [0m:      
[92mINFO [0m:      [ROUND 353]
[92mINFO [0m:      configure_fit: strategy sampled 10 clients (out of 10)
[92mINFO [0m:      aggregate_fit: received 10 results and 0 failures
[92mINFO [0m:      configure_evaluate: strategy sampled 10 clients (out of 10)
[92mINFO [0m:      aggregate_evaluate: received 10 results and 0 failures
[92mINFO [0m:      
[92mINFO [0m:      [ROUND 354]
[92mINFO [0m:      configure_fit: strategy sampled 10 clients (out of 10)
[92mINFO [0m:      aggregate_fit: received 10 results and 0 failures
[92mINFO [0m:      configure_evaluate: strategy sampled 10 clients (out of 10)
[92mINFO [0m:      aggregate_evaluate: received 10 results and 0 failures
[92mINFO [0m:      
[92mINFO [0m:      [ROUND 355]
[92mINFO [0m:      configure_fit: strategy sampled 10 clients (out of 10)
[92mINFO [0m:      aggregate_fit: received 10 results and 0 failures
[92mINFO [0m:      configure_evaluate: strategy sampled 10 clients (out of 10)
[92mINFO [0m:      aggregate_evaluate: received 10 results and 0 failures
[92mINFO [0m:      
[92mINFO [0m:      [ROUND 356]
[92mINFO [0m:      configure_fit: strategy sampled 10 clients (out of 10)
[92mINFO [0m:      aggregate_fit: received 10 results and 0 failures
[92mINFO [0m:      configure_evaluate: strategy sampled 10 clients (out of 10)
[92mINFO [0m:      aggregate_evaluate: received 10 results and 0 failures
[92mINFO [0m:      
[92mINFO [0m:      [ROUND 357]
[92mINFO [0m:      configure_fit: strategy sampled 10 clients (out of 10)
[92mINFO [0m:      aggregate_fit: received 10 results and 0 failures
[92mINFO [0m:      configure_evaluate: strategy sampled 10 clients (out of 10)
[92mINFO [0m:      aggregate_evaluate: received 10 results and 0 failures
[92mINFO [0m:      
[92mINFO [0m:      [ROUND 358]
[92mINFO [0m:      configure_fit: strategy sampled 10 clients (out of 10)
[92mINFO [0m:      aggregate_fit: received 10 results and 0 failures
[92mINFO [0m:      configure_evaluate: strategy sampled 10 clients (out of 10)
[92mINFO [0m:      aggregate_evaluate: received 10 results and 0 failures
[92mINFO [0m:      
[92mINFO [0m:      [ROUND 359]
[92mINFO [0m:      configure_fit: strategy sampled 10 clients (out of 10)
[92mINFO [0m:      aggregate_fit: received 10 results and 0 failures
[92mINFO [0m:      configure_evaluate: strategy sampled 10 clients (out of 10)
[92mINFO [0m:      aggregate_evaluate: received 10 results and 0 failures
[92mINFO [0m:      
[92mINFO [0m:      [ROUND 360]
[92mINFO [0m:      configure_fit: strategy sampled 10 clients (out of 10)
[92mINFO [0m:      aggregate_fit: received 10 results and 0 failures
[92mINFO [0m:      configure_evaluate: strategy sampled 10 clients (out of 10)
[92mINFO [0m:      aggregate_evaluate: received 10 results and 0 failures
[92mINFO [0m:      
[92mINFO [0m:      [ROUND 361]
[92mINFO [0m:      configure_fit: strategy sampled 10 clients (out of 10)
[92mINFO [0m:      aggregate_fit: received 10 results and 0 failures
[92mINFO [0m:      configure_evaluate: strategy sampled 10 clients (out of 10)
[92mINFO [0m:      aggregate_evaluate: received 10 results and 0 failures
[92mINFO [0m:      
[92mINFO [0m:      [ROUND 362]
[92mINFO [0m:      configure_fit: strategy sampled 10 clients (out of 10)
[92mINFO [0m:      aggregate_fit: received 10 results and 0 failures
[92mINFO [0m:      configure_evaluate: strategy sampled 10 clients (out of 10)
[92mINFO [0m:      aggregate_evaluate: received 10 results and 0 failures
[92mINFO [0m:      
[92mINFO [0m:      [ROUND 363]
[92mINFO [0m:      configure_fit: strategy sampled 10 clients (out of 10)
[92mINFO [0m:      aggregate_fit: received 10 results and 0 failures
[92mINFO [0m:      configure_evaluate: strategy sampled 10 clients (out of 10)
[92mINFO [0m:      aggregate_evaluate: received 10 results and 0 failures
[92mINFO [0m:      
[92mINFO [0m:      [ROUND 364]
[92mINFO [0m:      configure_fit: strategy sampled 10 clients (out of 10)
[92mINFO [0m:      aggregate_fit: received 10 results and 0 failures
[92mINFO [0m:      configure_evaluate: strategy sampled 10 clients (out of 10)
[92mINFO [0m:      aggregate_evaluate: received 10 results and 0 failures
[92mINFO [0m:      
[92mINFO [0m:      [ROUND 365]
[92mINFO [0m:      configure_fit: strategy sampled 10 clients (out of 10)
[92mINFO [0m:      aggregate_fit: received 10 results and 0 failures
[92mINFO [0m:      configure_evaluate: strategy sampled 10 clients (out of 10)
[92mINFO [0m:      aggregate_evaluate: received 10 results and 0 failures
[92mINFO [0m:      
[92mINFO [0m:      [ROUND 366]
[92mINFO [0m:      configure_fit: strategy sampled 10 clients (out of 10)
[92mINFO [0m:      aggregate_fit: received 10 results and 0 failures
[92mINFO [0m:      configure_evaluate: strategy sampled 10 clients (out of 10)
[92mINFO [0m:      aggregate_evaluate: received 10 results and 0 failures
[92mINFO [0m:      
[92mINFO [0m:      [ROUND 367]
[92mINFO [0m:      configure_fit: strategy sampled 10 clients (out of 10)
[92mINFO [0m:      aggregate_fit: received 10 results and 0 failures
[92mINFO [0m:      configure_evaluate: strategy sampled 10 clients (out of 10)
[92mINFO [0m:      aggregate_evaluate: received 10 results and 0 failures
[92mINFO [0m:      
[92mINFO [0m:      [ROUND 368]
[92mINFO [0m:      configure_fit: strategy sampled 10 clients (out of 10)
[92mINFO [0m:      aggregate_fit: received 10 results and 0 failures
[92mINFO [0m:      configure_evaluate: strategy sampled 10 clients (out of 10)
[92mINFO [0m:      aggregate_evaluate: received 10 results and 0 failures
[92mINFO [0m:      
[92mINFO [0m:      [ROUND 369]
[92mINFO [0m:      configure_fit: strategy sampled 10 clients (out of 10)
[92mINFO [0m:      aggregate_fit: received 10 results and 0 failures
[92mINFO [0m:      configure_evaluate: strategy sampled 10 clients (out of 10)
[92mINFO [0m:      aggregate_evaluate: received 10 results and 0 failures
[92mINFO [0m:      
[92mINFO [0m:      [ROUND 370]
[92mINFO [0m:      configure_fit: strategy sampled 10 clients (out of 10)
[92mINFO [0m:      aggregate_fit: received 10 results and 0 failures
[92mINFO [0m:      configure_evaluate: strategy sampled 10 clients (out of 10)
[92mINFO [0m:      aggregate_evaluate: received 10 results and 0 failures
[92mINFO [0m:      
[92mINFO [0m:      [ROUND 371]
[92mINFO [0m:      configure_fit: strategy sampled 10 clients (out of 10)
[92mINFO [0m:      aggregate_fit: received 10 results and 0 failures
[92mINFO [0m:      configure_evaluate: strategy sampled 10 clients (out of 10)
[92mINFO [0m:      aggregate_evaluate: received 10 results and 0 failures
[92mINFO [0m:      
[92mINFO [0m:      [ROUND 372]
[92mINFO [0m:      configure_fit: strategy sampled 10 clients (out of 10)
[92mINFO [0m:      aggregate_fit: received 10 results and 0 failures
[92mINFO [0m:      configure_evaluate: strategy sampled 10 clients (out of 10)
[92mINFO [0m:      aggregate_evaluate: received 10 results and 0 failures
[92mINFO [0m:      
[92mINFO [0m:      [ROUND 373]
[92mINFO [0m:      configure_fit: strategy sampled 10 clients (out of 10)
[92mINFO [0m:      aggregate_fit: received 10 results and 0 failures
[92mINFO [0m:      configure_evaluate: strategy sampled 10 clients (out of 10)
[92mINFO [0m:      aggregate_evaluate: received 10 results and 0 failures
[92mINFO [0m:      
[92mINFO [0m:      [ROUND 374]
[92mINFO [0m:      configure_fit: strategy sampled 10 clients (out of 10)
[92mINFO [0m:      aggregate_fit: received 10 results and 0 failures
[92mINFO [0m:      configure_evaluate: strategy sampled 10 clients (out of 10)
[92mINFO [0m:      aggregate_evaluate: received 10 results and 0 failures
[92mINFO [0m:      
[92mINFO [0m:      [ROUND 375]
[92mINFO [0m:      configure_fit: strategy sampled 10 clients (out of 10)
[92mINFO [0m:      aggregate_fit: received 10 results and 0 failures
[92mINFO [0m:      configure_evaluate: strategy sampled 10 clients (out of 10)
[92mINFO [0m:      aggregate_evaluate: received 10 results and 0 failures
[92mINFO [0m:      
[92mINFO [0m:      [ROUND 376]
[92mINFO [0m:      configure_fit: strategy sampled 10 clients (out of 10)
[92mINFO [0m:      aggregate_fit: received 10 results and 0 failures
[92mINFO [0m:      configure_evaluate: strategy sampled 10 clients (out of 10)
[92mINFO [0m:      aggregate_evaluate: received 10 results and 0 failures
[92mINFO [0m:      
[92mINFO [0m:      [ROUND 377]
[92mINFO [0m:      configure_fit: strategy sampled 10 clients (out of 10)
[92mINFO [0m:      aggregate_fit: received 10 results and 0 failures
[92mINFO [0m:      configure_evaluate: strategy sampled 10 clients (out of 10)
[92mINFO [0m:      aggregate_evaluate: received 10 results and 0 failures
[92mINFO [0m:      
[92mINFO [0m:      [ROUND 378]
[92mINFO [0m:      configure_fit: strategy sampled 10 clients (out of 10)
[92mINFO [0m:      aggregate_fit: received 10 results and 0 failures
[92mINFO [0m:      configure_evaluate: strategy sampled 10 clients (out of 10)
[92mINFO [0m:      aggregate_evaluate: received 10 results and 0 failures
[92mINFO [0m:      
[92mINFO [0m:      [ROUND 379]
[92mINFO [0m:      configure_fit: strategy sampled 10 clients (out of 10)
[92mINFO [0m:      aggregate_fit: received 10 results and 0 failures
[92mINFO [0m:      configure_evaluate: strategy sampled 10 clients (out of 10)
[92mINFO [0m:      aggregate_evaluate: received 10 results and 0 failures
[92mINFO [0m:      
[92mINFO [0m:      [ROUND 380]
[92mINFO [0m:      configure_fit: strategy sampled 10 clients (out of 10)
[92mINFO [0m:      aggregate_fit: received 10 results and 0 failures
[92mINFO [0m:      configure_evaluate: strategy sampled 10 clients (out of 10)
[92mINFO [0m:      aggregate_evaluate: received 10 results and 0 failures
[92mINFO [0m:      
[92mINFO [0m:      [ROUND 381]
[92mINFO [0m:      configure_fit: strategy sampled 10 clients (out of 10)
[92mINFO [0m:      aggregate_fit: received 10 results and 0 failures
[92mINFO [0m:      configure_evaluate: strategy sampled 10 clients (out of 10)
[92mINFO [0m:      aggregate_evaluate: received 10 results and 0 failures
[92mINFO [0m:      
[92mINFO [0m:      [ROUND 382]
[92mINFO [0m:      configure_fit: strategy sampled 10 clients (out of 10)
[92mINFO [0m:      aggregate_fit: received 10 results and 0 failures
[92mINFO [0m:      configure_evaluate: strategy sampled 10 clients (out of 10)
[92mINFO [0m:      aggregate_evaluate: received 10 results and 0 failures
[92mINFO [0m:      
[92mINFO [0m:      [ROUND 383]
[92mINFO [0m:      configure_fit: strategy sampled 10 clients (out of 10)
[92mINFO [0m:      aggregate_fit: received 10 results and 0 failures
[92mINFO [0m:      configure_evaluate: strategy sampled 10 clients (out of 10)
[92mINFO [0m:      aggregate_evaluate: received 10 results and 0 failures
[92mINFO [0m:      
[92mINFO [0m:      [ROUND 384]
[92mINFO [0m:      configure_fit: strategy sampled 10 clients (out of 10)
[92mINFO [0m:      aggregate_fit: received 10 results and 0 failures
[92mINFO [0m:      configure_evaluate: strategy sampled 10 clients (out of 10)
[92mINFO [0m:      aggregate_evaluate: received 10 results and 0 failures
[92mINFO [0m:      
[92mINFO [0m:      [ROUND 385]
[92mINFO [0m:      configure_fit: strategy sampled 10 clients (out of 10)
[92mINFO [0m:      aggregate_fit: received 10 results and 0 failures
[92mINFO [0m:      configure_evaluate: strategy sampled 10 clients (out of 10)
[92mINFO [0m:      aggregate_evaluate: received 10 results and 0 failures
[92mINFO [0m:      
[92mINFO [0m:      [ROUND 386]
[92mINFO [0m:      configure_fit: strategy sampled 10 clients (out of 10)
[92mINFO [0m:      aggregate_fit: received 10 results and 0 failures
[92mINFO [0m:      configure_evaluate: strategy sampled 10 clients (out of 10)
[92mINFO [0m:      aggregate_evaluate: received 10 results and 0 failures
[92mINFO [0m:      
[92mINFO [0m:      [ROUND 387]
[92mINFO [0m:      configure_fit: strategy sampled 10 clients (out of 10)
[92mINFO [0m:      aggregate_fit: received 10 results and 0 failures
[92mINFO [0m:      configure_evaluate: strategy sampled 10 clients (out of 10)
[92mINFO [0m:      aggregate_evaluate: received 10 results and 0 failures
[92mINFO [0m:      
[92mINFO [0m:      [ROUND 388]
[92mINFO [0m:      configure_fit: strategy sampled 10 clients (out of 10)
[92mINFO [0m:      aggregate_fit: received 10 results and 0 failures
[92mINFO [0m:      configure_evaluate: strategy sampled 10 clients (out of 10)
[92mINFO [0m:      aggregate_evaluate: received 10 results and 0 failures
[92mINFO [0m:      
[92mINFO [0m:      [ROUND 389]
[92mINFO [0m:      configure_fit: strategy sampled 10 clients (out of 10)
[92mINFO [0m:      aggregate_fit: received 10 results and 0 failures
[92mINFO [0m:      configure_evaluate: strategy sampled 10 clients (out of 10)
[92mINFO [0m:      aggregate_evaluate: received 10 results and 0 failures
[92mINFO [0m:      
[92mINFO [0m:      [ROUND 390]
[92mINFO [0m:      configure_fit: strategy sampled 10 clients (out of 10)
[92mINFO [0m:      aggregate_fit: received 10 results and 0 failures
[92mINFO [0m:      configure_evaluate: strategy sampled 10 clients (out of 10)
[92mINFO [0m:      aggregate_evaluate: received 10 results and 0 failures
[92mINFO [0m:      
[92mINFO [0m:      [ROUND 391]
[92mINFO [0m:      configure_fit: strategy sampled 10 clients (out of 10)
[92mINFO [0m:      aggregate_fit: received 10 results and 0 failures
[92mINFO [0m:      configure_evaluate: strategy sampled 10 clients (out of 10)
[92mINFO [0m:      aggregate_evaluate: received 10 results and 0 failures
[92mINFO [0m:      
[92mINFO [0m:      [ROUND 392]
[92mINFO [0m:      configure_fit: strategy sampled 10 clients (out of 10)
[92mINFO [0m:      aggregate_fit: received 10 results and 0 failures
[92mINFO [0m:      configure_evaluate: strategy sampled 10 clients (out of 10)
[92mINFO [0m:      aggregate_evaluate: received 10 results and 0 failures
[92mINFO [0m:      
[92mINFO [0m:      [ROUND 393]
[92mINFO [0m:      configure_fit: strategy sampled 10 clients (out of 10)
[92mINFO [0m:      aggregate_fit: received 10 results and 0 failures
[92mINFO [0m:      configure_evaluate: strategy sampled 10 clients (out of 10)
[92mINFO [0m:      aggregate_evaluate: received 10 results and 0 failures
[92mINFO [0m:      
[92mINFO [0m:      [ROUND 394]
[92mINFO [0m:      configure_fit: strategy sampled 10 clients (out of 10)
[92mINFO [0m:      aggregate_fit: received 10 results and 0 failures
[92mINFO [0m:      configure_evaluate: strategy sampled 10 clients (out of 10)
[92mINFO [0m:      aggregate_evaluate: received 10 results and 0 failures
[92mINFO [0m:      
[92mINFO [0m:      [ROUND 395]
[92mINFO [0m:      configure_fit: strategy sampled 10 clients (out of 10)
[92mINFO [0m:      aggregate_fit: received 10 results and 0 failures
[92mINFO [0m:      configure_evaluate: strategy sampled 10 clients (out of 10)
[92mINFO [0m:      aggregate_evaluate: received 10 results and 0 failures
[92mINFO [0m:      
[92mINFO [0m:      [ROUND 396]
[92mINFO [0m:      configure_fit: strategy sampled 10 clients (out of 10)
[92mINFO [0m:      aggregate_fit: received 10 results and 0 failures
[92mINFO [0m:      configure_evaluate: strategy sampled 10 clients (out of 10)
[92mINFO [0m:      aggregate_evaluate: received 10 results and 0 failures
[92mINFO [0m:      
[92mINFO [0m:      [ROUND 397]
[92mINFO [0m:      configure_fit: strategy sampled 10 clients (out of 10)
[92mINFO [0m:      aggregate_fit: received 10 results and 0 failures
[92mINFO [0m:      configure_evaluate: strategy sampled 10 clients (out of 10)
[92mINFO [0m:      aggregate_evaluate: received 10 results and 0 failures
[92mINFO [0m:      
[92mINFO [0m:      [ROUND 398]
[92mINFO [0m:      configure_fit: strategy sampled 10 clients (out of 10)
[92mINFO [0m:      aggregate_fit: received 10 results and 0 failures
[92mINFO [0m:      configure_evaluate: strategy sampled 10 clients (out of 10)
[92mINFO [0m:      aggregate_evaluate: received 10 results and 0 failures
[92mINFO [0m:      
[92mINFO [0m:      [ROUND 399]
[92mINFO [0m:      configure_fit: strategy sampled 10 clients (out of 10)
[92mINFO [0m:      aggregate_fit: received 10 results and 0 failures
[92mINFO [0m:      configure_evaluate: strategy sampled 10 clients (out of 10)
[92mINFO [0m:      aggregate_evaluate: received 10 results and 0 failures
[92mINFO [0m:      
[92mINFO [0m:      [ROUND 400]
[92mINFO [0m:      configure_fit: strategy sampled 10 clients (out of 10)
[92mINFO [0m:      aggregate_fit: received 10 results and 0 failures
[92mINFO [0m:      configure_evaluate: strategy sampled 10 clients (out of 10)
[92mINFO [0m:      aggregate_evaluate: received 10 results and 0 failures
[92mINFO [0m:      
[92mINFO [0m:      [ROUND 401]
[92mINFO [0m:      configure_fit: strategy sampled 10 clients (out of 10)
[92mINFO [0m:      aggregate_fit: received 10 results and 0 failures
[92mINFO [0m:      configure_evaluate: strategy sampled 10 clients (out of 10)
[92mINFO [0m:      aggregate_evaluate: received 10 results and 0 failures
[92mINFO [0m:      
[92mINFO [0m:      [ROUND 402]
[92mINFO [0m:      configure_fit: strategy sampled 10 clients (out of 10)
[92mINFO [0m:      aggregate_fit: received 10 results and 0 failures
[92mINFO [0m:      configure_evaluate: strategy sampled 10 clients (out of 10)
[92mINFO [0m:      aggregate_evaluate: received 10 results and 0 failures
[92mINFO [0m:      
[92mINFO [0m:      [ROUND 403]
[92mINFO [0m:      configure_fit: strategy sampled 10 clients (out of 10)
[92mINFO [0m:      aggregate_fit: received 10 results and 0 failures
[92mINFO [0m:      configure_evaluate: strategy sampled 10 clients (out of 10)
[92mINFO [0m:      aggregate_evaluate: received 10 results and 0 failures
[92mINFO [0m:      
[92mINFO [0m:      [ROUND 404]
[92mINFO [0m:      configure_fit: strategy sampled 10 clients (out of 10)
[92mINFO [0m:      aggregate_fit: received 10 results and 0 failures
[92mINFO [0m:      configure_evaluate: strategy sampled 10 clients (out of 10)
[92mINFO [0m:      aggregate_evaluate: received 10 results and 0 failures
[92mINFO [0m:      
[92mINFO [0m:      [ROUND 405]
[92mINFO [0m:      configure_fit: strategy sampled 10 clients (out of 10)
[92mINFO [0m:      aggregate_fit: received 10 results and 0 failures
[92mINFO [0m:      configure_evaluate: strategy sampled 10 clients (out of 10)
[92mINFO [0m:      aggregate_evaluate: received 10 results and 0 failures
[92mINFO [0m:      
[92mINFO [0m:      [ROUND 406]
[92mINFO [0m:      configure_fit: strategy sampled 10 clients (out of 10)
[92mINFO [0m:      aggregate_fit: received 10 results and 0 failures
[92mINFO [0m:      configure_evaluate: strategy sampled 10 clients (out of 10)
[92mINFO [0m:      aggregate_evaluate: received 10 results and 0 failures
[92mINFO [0m:      
[92mINFO [0m:      [ROUND 407]
[92mINFO [0m:      configure_fit: strategy sampled 10 clients (out of 10)
[92mINFO [0m:      aggregate_fit: received 10 results and 0 failures
[92mINFO [0m:      configure_evaluate: strategy sampled 10 clients (out of 10)
[92mINFO [0m:      aggregate_evaluate: received 10 results and 0 failures
[92mINFO [0m:      
[92mINFO [0m:      [ROUND 408]
[92mINFO [0m:      configure_fit: strategy sampled 10 clients (out of 10)
[92mINFO [0m:      aggregate_fit: received 10 results and 0 failures
[92mINFO [0m:      configure_evaluate: strategy sampled 10 clients (out of 10)
[92mINFO [0m:      aggregate_evaluate: received 10 results and 0 failures
[92mINFO [0m:      
[92mINFO [0m:      [ROUND 409]
[92mINFO [0m:      configure_fit: strategy sampled 10 clients (out of 10)
[92mINFO [0m:      aggregate_fit: received 10 results and 0 failures
[92mINFO [0m:      configure_evaluate: strategy sampled 10 clients (out of 10)
[92mINFO [0m:      aggregate_evaluate: received 10 results and 0 failures
[92mINFO [0m:      
[92mINFO [0m:      [ROUND 410]
[92mINFO [0m:      configure_fit: strategy sampled 10 clients (out of 10)
[92mINFO [0m:      aggregate_fit: received 10 results and 0 failures
[92mINFO [0m:      configure_evaluate: strategy sampled 10 clients (out of 10)
[92mINFO [0m:      aggregate_evaluate: received 10 results and 0 failures
[92mINFO [0m:      
[92mINFO [0m:      [ROUND 411]
[92mINFO [0m:      configure_fit: strategy sampled 10 clients (out of 10)
[92mINFO [0m:      aggregate_fit: received 10 results and 0 failures
[92mINFO [0m:      configure_evaluate: strategy sampled 10 clients (out of 10)
[92mINFO [0m:      aggregate_evaluate: received 10 results and 0 failures
[92mINFO [0m:      
[92mINFO [0m:      [ROUND 412]
[92mINFO [0m:      configure_fit: strategy sampled 10 clients (out of 10)
[92mINFO [0m:      aggregate_fit: received 10 results and 0 failures
[92mINFO [0m:      configure_evaluate: strategy sampled 10 clients (out of 10)
[92mINFO [0m:      aggregate_evaluate: received 10 results and 0 failures
[92mINFO [0m:      
[92mINFO [0m:      [ROUND 413]
[92mINFO [0m:      configure_fit: strategy sampled 10 clients (out of 10)
[92mINFO [0m:      aggregate_fit: received 10 results and 0 failures
[92mINFO [0m:      configure_evaluate: strategy sampled 10 clients (out of 10)
[92mINFO [0m:      aggregate_evaluate: received 10 results and 0 failures
[92mINFO [0m:      
[92mINFO [0m:      [ROUND 414]
[92mINFO [0m:      configure_fit: strategy sampled 10 clients (out of 10)
[92mINFO [0m:      aggregate_fit: received 10 results and 0 failures
[92mINFO [0m:      configure_evaluate: strategy sampled 10 clients (out of 10)
[92mINFO [0m:      aggregate_evaluate: received 10 results and 0 failures
[92mINFO [0m:      
[92mINFO [0m:      [ROUND 415]
[92mINFO [0m:      configure_fit: strategy sampled 10 clients (out of 10)
[92mINFO [0m:      aggregate_fit: received 10 results and 0 failures
[92mINFO [0m:      configure_evaluate: strategy sampled 10 clients (out of 10)
[92mINFO [0m:      aggregate_evaluate: received 10 results and 0 failures
[92mINFO [0m:      
[92mINFO [0m:      [ROUND 416]
[92mINFO [0m:      configure_fit: strategy sampled 10 clients (out of 10)
[92mINFO [0m:      aggregate_fit: received 10 results and 0 failures
[92mINFO [0m:      configure_evaluate: strategy sampled 10 clients (out of 10)
[92mINFO [0m:      aggregate_evaluate: received 10 results and 0 failures
[92mINFO [0m:      
[92mINFO [0m:      [ROUND 417]
[92mINFO [0m:      configure_fit: strategy sampled 10 clients (out of 10)
[92mINFO [0m:      aggregate_fit: received 10 results and 0 failures
[92mINFO [0m:      configure_evaluate: strategy sampled 10 clients (out of 10)
[92mINFO [0m:      aggregate_evaluate: received 10 results and 0 failures
[92mINFO [0m:      
[92mINFO [0m:      [ROUND 418]
[92mINFO [0m:      configure_fit: strategy sampled 10 clients (out of 10)
[92mINFO [0m:      aggregate_fit: received 10 results and 0 failures
[92mINFO [0m:      configure_evaluate: strategy sampled 10 clients (out of 10)
[92mINFO [0m:      aggregate_evaluate: received 10 results and 0 failures
[92mINFO [0m:      
[92mINFO [0m:      [ROUND 419]
[92mINFO [0m:      configure_fit: strategy sampled 10 clients (out of 10)
[92mINFO [0m:      aggregate_fit: received 10 results and 0 failures
[92mINFO [0m:      configure_evaluate: strategy sampled 10 clients (out of 10)
[92mINFO [0m:      aggregate_evaluate: received 10 results and 0 failures
[92mINFO [0m:      
[92mINFO [0m:      [ROUND 420]
[92mINFO [0m:      configure_fit: strategy sampled 10 clients (out of 10)
[92mINFO [0m:      aggregate_fit: received 10 results and 0 failures
[92mINFO [0m:      configure_evaluate: strategy sampled 10 clients (out of 10)
[92mINFO [0m:      aggregate_evaluate: received 10 results and 0 failures
[92mINFO [0m:      
[92mINFO [0m:      [ROUND 421]
[92mINFO [0m:      configure_fit: strategy sampled 10 clients (out of 10)
[92mINFO [0m:      aggregate_fit: received 10 results and 0 failures
[92mINFO [0m:      configure_evaluate: strategy sampled 10 clients (out of 10)
[92mINFO [0m:      aggregate_evaluate: received 10 results and 0 failures
[92mINFO [0m:      
[92mINFO [0m:      [ROUND 422]
[92mINFO [0m:      configure_fit: strategy sampled 10 clients (out of 10)
[92mINFO [0m:      aggregate_fit: received 10 results and 0 failures
[92mINFO [0m:      configure_evaluate: strategy sampled 10 clients (out of 10)
[92mINFO [0m:      aggregate_evaluate: received 10 results and 0 failures
[92mINFO [0m:      
[92mINFO [0m:      [ROUND 423]
[92mINFO [0m:      configure_fit: strategy sampled 10 clients (out of 10)
[92mINFO [0m:      aggregate_fit: received 10 results and 0 failures
[92mINFO [0m:      configure_evaluate: strategy sampled 10 clients (out of 10)
[92mINFO [0m:      aggregate_evaluate: received 10 results and 0 failures
[92mINFO [0m:      
[92mINFO [0m:      [ROUND 424]
[92mINFO [0m:      configure_fit: strategy sampled 10 clients (out of 10)
[92mINFO [0m:      aggregate_fit: received 10 results and 0 failures
[92mINFO [0m:      configure_evaluate: strategy sampled 10 clients (out of 10)
[92mINFO [0m:      aggregate_evaluate: received 10 results and 0 failures
[92mINFO [0m:      
[92mINFO [0m:      [ROUND 425]
[92mINFO [0m:      configure_fit: strategy sampled 10 clients (out of 10)
[92mINFO [0m:      aggregate_fit: received 10 results and 0 failures
[92mINFO [0m:      configure_evaluate: strategy sampled 10 clients (out of 10)
[92mINFO [0m:      aggregate_evaluate: received 10 results and 0 failures
[92mINFO [0m:      
[92mINFO [0m:      [ROUND 426]
[92mINFO [0m:      configure_fit: strategy sampled 10 clients (out of 10)
[92mINFO [0m:      aggregate_fit: received 10 results and 0 failures
[92mINFO [0m:      configure_evaluate: strategy sampled 10 clients (out of 10)
[92mINFO [0m:      aggregate_evaluate: received 10 results and 0 failures
[92mINFO [0m:      
[92mINFO [0m:      [ROUND 427]
[92mINFO [0m:      configure_fit: strategy sampled 10 clients (out of 10)
[92mINFO [0m:      aggregate_fit: received 10 results and 0 failures
[92mINFO [0m:      configure_evaluate: strategy sampled 10 clients (out of 10)
[92mINFO [0m:      aggregate_evaluate: received 10 results and 0 failures
[92mINFO [0m:      
[92mINFO [0m:      [ROUND 428]
[92mINFO [0m:      configure_fit: strategy sampled 10 clients (out of 10)
[92mINFO [0m:      aggregate_fit: received 10 results and 0 failures
[92mINFO [0m:      configure_evaluate: strategy sampled 10 clients (out of 10)
[92mINFO [0m:      aggregate_evaluate: received 10 results and 0 failures
[92mINFO [0m:      
[92mINFO [0m:      [ROUND 429]
[92mINFO [0m:      configure_fit: strategy sampled 10 clients (out of 10)
[92mINFO [0m:      aggregate_fit: received 10 results and 0 failures
[92mINFO [0m:      configure_evaluate: strategy sampled 10 clients (out of 10)
[92mINFO [0m:      aggregate_evaluate: received 10 results and 0 failures
[92mINFO [0m:      
[92mINFO [0m:      [ROUND 430]
[92mINFO [0m:      configure_fit: strategy sampled 10 clients (out of 10)
[92mINFO [0m:      aggregate_fit: received 10 results and 0 failures
[92mINFO [0m:      configure_evaluate: strategy sampled 10 clients (out of 10)
[92mINFO [0m:      aggregate_evaluate: received 10 results and 0 failures
[92mINFO [0m:      
[92mINFO [0m:      [ROUND 431]
[92mINFO [0m:      configure_fit: strategy sampled 10 clients (out of 10)
[92mINFO [0m:      aggregate_fit: received 10 results and 0 failures
[92mINFO [0m:      configure_evaluate: strategy sampled 10 clients (out of 10)
[92mINFO [0m:      aggregate_evaluate: received 10 results and 0 failures
[92mINFO [0m:      
[92mINFO [0m:      [ROUND 432]
[92mINFO [0m:      configure_fit: strategy sampled 10 clients (out of 10)
[92mINFO [0m:      aggregate_fit: received 10 results and 0 failures
[92mINFO [0m:      configure_evaluate: strategy sampled 10 clients (out of 10)
[92mINFO [0m:      aggregate_evaluate: received 10 results and 0 failures
[92mINFO [0m:      
[92mINFO [0m:      [ROUND 433]
[92mINFO [0m:      configure_fit: strategy sampled 10 clients (out of 10)
[92mINFO [0m:      aggregate_fit: received 10 results and 0 failures
[92mINFO [0m:      configure_evaluate: strategy sampled 10 clients (out of 10)
[92mINFO [0m:      aggregate_evaluate: received 10 results and 0 failures
[92mINFO [0m:      
[92mINFO [0m:      [ROUND 434]
[92mINFO [0m:      configure_fit: strategy sampled 10 clients (out of 10)
[92mINFO [0m:      aggregate_fit: received 10 results and 0 failures
[92mINFO [0m:      configure_evaluate: strategy sampled 10 clients (out of 10)
[92mINFO [0m:      aggregate_evaluate: received 10 results and 0 failures
[92mINFO [0m:      
[92mINFO [0m:      [ROUND 435]
[92mINFO [0m:      configure_fit: strategy sampled 10 clients (out of 10)
[92mINFO [0m:      aggregate_fit: received 10 results and 0 failures
[92mINFO [0m:      configure_evaluate: strategy sampled 10 clients (out of 10)
[92mINFO [0m:      aggregate_evaluate: received 10 results and 0 failures
[92mINFO [0m:      
[92mINFO [0m:      [ROUND 436]
[92mINFO [0m:      configure_fit: strategy sampled 10 clients (out of 10)
[92mINFO [0m:      aggregate_fit: received 10 results and 0 failures
[92mINFO [0m:      configure_evaluate: strategy sampled 10 clients (out of 10)
[92mINFO [0m:      aggregate_evaluate: received 10 results and 0 failures
[92mINFO [0m:      
[92mINFO [0m:      [ROUND 437]
[92mINFO [0m:      configure_fit: strategy sampled 10 clients (out of 10)
[92mINFO [0m:      aggregate_fit: received 10 results and 0 failures
[92mINFO [0m:      configure_evaluate: strategy sampled 10 clients (out of 10)
[92mINFO [0m:      aggregate_evaluate: received 10 results and 0 failures
[92mINFO [0m:      
[92mINFO [0m:      [ROUND 438]
[92mINFO [0m:      configure_fit: strategy sampled 10 clients (out of 10)
[92mINFO [0m:      aggregate_fit: received 10 results and 0 failures
[92mINFO [0m:      configure_evaluate: strategy sampled 10 clients (out of 10)
[92mINFO [0m:      aggregate_evaluate: received 10 results and 0 failures
[92mINFO [0m:      
[92mINFO [0m:      [ROUND 439]
[92mINFO [0m:      configure_fit: strategy sampled 10 clients (out of 10)
[92mINFO [0m:      aggregate_fit: received 10 results and 0 failures
[92mINFO [0m:      configure_evaluate: strategy sampled 10 clients (out of 10)
[92mINFO [0m:      aggregate_evaluate: received 10 results and 0 failures
[92mINFO [0m:      
[92mINFO [0m:      [ROUND 440]
[92mINFO [0m:      configure_fit: strategy sampled 10 clients (out of 10)
[92mINFO [0m:      aggregate_fit: received 10 results and 0 failures
[92mINFO [0m:      configure_evaluate: strategy sampled 10 clients (out of 10)
[92mINFO [0m:      aggregate_evaluate: received 10 results and 0 failures
[92mINFO [0m:      
[92mINFO [0m:      [ROUND 441]
[92mINFO [0m:      configure_fit: strategy sampled 10 clients (out of 10)
[92mINFO [0m:      aggregate_fit: received 10 results and 0 failures
[92mINFO [0m:      configure_evaluate: strategy sampled 10 clients (out of 10)
[92mINFO [0m:      aggregate_evaluate: received 10 results and 0 failures
[92mINFO [0m:      
[92mINFO [0m:      [ROUND 442]
[92mINFO [0m:      configure_fit: strategy sampled 10 clients (out of 10)
[92mINFO [0m:      aggregate_fit: received 10 results and 0 failures
[92mINFO [0m:      configure_evaluate: strategy sampled 10 clients (out of 10)
[92mINFO [0m:      aggregate_evaluate: received 10 results and 0 failures
[92mINFO [0m:      
[92mINFO [0m:      [ROUND 443]
[92mINFO [0m:      configure_fit: strategy sampled 10 clients (out of 10)
[92mINFO [0m:      aggregate_fit: received 10 results and 0 failures
[92mINFO [0m:      configure_evaluate: strategy sampled 10 clients (out of 10)
[92mINFO [0m:      aggregate_evaluate: received 10 results and 0 failures
[92mINFO [0m:      
[92mINFO [0m:      [ROUND 444]
[92mINFO [0m:      configure_fit: strategy sampled 10 clients (out of 10)
[92mINFO [0m:      aggregate_fit: received 10 results and 0 failures
[92mINFO [0m:      configure_evaluate: strategy sampled 10 clients (out of 10)
[92mINFO [0m:      aggregate_evaluate: received 10 results and 0 failures
[92mINFO [0m:      
[92mINFO [0m:      [ROUND 445]
[92mINFO [0m:      configure_fit: strategy sampled 10 clients (out of 10)
[92mINFO [0m:      aggregate_fit: received 10 results and 0 failures
[92mINFO [0m:      configure_evaluate: strategy sampled 10 clients (out of 10)
[92mINFO [0m:      aggregate_evaluate: received 10 results and 0 failures
[92mINFO [0m:      
[92mINFO [0m:      [ROUND 446]
[92mINFO [0m:      configure_fit: strategy sampled 10 clients (out of 10)
[92mINFO [0m:      aggregate_fit: received 10 results and 0 failures
[92mINFO [0m:      configure_evaluate: strategy sampled 10 clients (out of 10)
[92mINFO [0m:      aggregate_evaluate: received 10 results and 0 failures
[92mINFO [0m:      
[92mINFO [0m:      [ROUND 447]
[92mINFO [0m:      configure_fit: strategy sampled 10 clients (out of 10)
[92mINFO [0m:      aggregate_fit: received 10 results and 0 failures
[92mINFO [0m:      configure_evaluate: strategy sampled 10 clients (out of 10)
[92mINFO [0m:      aggregate_evaluate: received 10 results and 0 failures
[92mINFO [0m:      
[92mINFO [0m:      [ROUND 448]
[92mINFO [0m:      configure_fit: strategy sampled 10 clients (out of 10)
[92mINFO [0m:      aggregate_fit: received 10 results and 0 failures
[92mINFO [0m:      configure_evaluate: strategy sampled 10 clients (out of 10)
[92mINFO [0m:      aggregate_evaluate: received 10 results and 0 failures
[92mINFO [0m:      
[92mINFO [0m:      [ROUND 449]
[92mINFO [0m:      configure_fit: strategy sampled 10 clients (out of 10)
[92mINFO [0m:      aggregate_fit: received 10 results and 0 failures
[92mINFO [0m:      configure_evaluate: strategy sampled 10 clients (out of 10)
[92mINFO [0m:      aggregate_evaluate: received 10 results and 0 failures
[92mINFO [0m:      
[92mINFO [0m:      [ROUND 450]
[92mINFO [0m:      configure_fit: strategy sampled 10 clients (out of 10)
[92mINFO [0m:      aggregate_fit: received 10 results and 0 failures
[92mINFO [0m:      configure_evaluate: strategy sampled 10 clients (out of 10)
[92mINFO [0m:      aggregate_evaluate: received 10 results and 0 failures
[92mINFO [0m:      
[92mINFO [0m:      [ROUND 451]
[92mINFO [0m:      configure_fit: strategy sampled 10 clients (out of 10)
[92mINFO [0m:      aggregate_fit: received 10 results and 0 failures
[92mINFO [0m:      configure_evaluate: strategy sampled 10 clients (out of 10)
[92mINFO [0m:      aggregate_evaluate: received 10 results and 0 failures
[92mINFO [0m:      
[92mINFO [0m:      [ROUND 452]
[92mINFO [0m:      configure_fit: strategy sampled 10 clients (out of 10)
[92mINFO [0m:      aggregate_fit: received 10 results and 0 failures
[92mINFO [0m:      configure_evaluate: strategy sampled 10 clients (out of 10)
[92mINFO [0m:      aggregate_evaluate: received 10 results and 0 failures
[92mINFO [0m:      
[92mINFO [0m:      [ROUND 453]
[92mINFO [0m:      configure_fit: strategy sampled 10 clients (out of 10)
[92mINFO [0m:      aggregate_fit: received 10 results and 0 failures
[92mINFO [0m:      configure_evaluate: strategy sampled 10 clients (out of 10)
[92mINFO [0m:      aggregate_evaluate: received 10 results and 0 failures
[92mINFO [0m:      
[92mINFO [0m:      [ROUND 454]
[92mINFO [0m:      configure_fit: strategy sampled 10 clients (out of 10)
[92mINFO [0m:      aggregate_fit: received 10 results and 0 failures
[92mINFO [0m:      configure_evaluate: strategy sampled 10 clients (out of 10)
[92mINFO [0m:      aggregate_evaluate: received 10 results and 0 failures
[92mINFO [0m:      
[92mINFO [0m:      [ROUND 455]
[92mINFO [0m:      configure_fit: strategy sampled 10 clients (out of 10)
[92mINFO [0m:      aggregate_fit: received 10 results and 0 failures
[92mINFO [0m:      configure_evaluate: strategy sampled 10 clients (out of 10)
[92mINFO [0m:      aggregate_evaluate: received 10 results and 0 failures
[92mINFO [0m:      
[92mINFO [0m:      [ROUND 456]
[92mINFO [0m:      configure_fit: strategy sampled 10 clients (out of 10)
[92mINFO [0m:      aggregate_fit: received 10 results and 0 failures
[92mINFO [0m:      configure_evaluate: strategy sampled 10 clients (out of 10)
[92mINFO [0m:      aggregate_evaluate: received 10 results and 0 failures
[92mINFO [0m:      
[92mINFO [0m:      [ROUND 457]
[92mINFO [0m:      configure_fit: strategy sampled 10 clients (out of 10)
[92mINFO [0m:      aggregate_fit: received 10 results and 0 failures
[92mINFO [0m:      configure_evaluate: strategy sampled 10 clients (out of 10)
[92mINFO [0m:      aggregate_evaluate: received 10 results and 0 failures
[92mINFO [0m:      
[92mINFO [0m:      [ROUND 458]
[92mINFO [0m:      configure_fit: strategy sampled 10 clients (out of 10)
[92mINFO [0m:      aggregate_fit: received 10 results and 0 failures
[92mINFO [0m:      configure_evaluate: strategy sampled 10 clients (out of 10)
[92mINFO [0m:      aggregate_evaluate: received 10 results and 0 failures
[92mINFO [0m:      
[92mINFO [0m:      [ROUND 459]
[92mINFO [0m:      configure_fit: strategy sampled 10 clients (out of 10)
[92mINFO [0m:      aggregate_fit: received 10 results and 0 failures
[92mINFO [0m:      configure_evaluate: strategy sampled 10 clients (out of 10)
[92mINFO [0m:      aggregate_evaluate: received 10 results and 0 failures
[92mINFO [0m:      
[92mINFO [0m:      [ROUND 460]
[92mINFO [0m:      configure_fit: strategy sampled 10 clients (out of 10)
[92mINFO [0m:      aggregate_fit: received 10 results and 0 failures
[92mINFO [0m:      configure_evaluate: strategy sampled 10 clients (out of 10)
[92mINFO [0m:      aggregate_evaluate: received 10 results and 0 failures
[92mINFO [0m:      
[92mINFO [0m:      [ROUND 461]
[92mINFO [0m:      configure_fit: strategy sampled 10 clients (out of 10)
[92mINFO [0m:      aggregate_fit: received 10 results and 0 failures
[92mINFO [0m:      configure_evaluate: strategy sampled 10 clients (out of 10)
[92mINFO [0m:      aggregate_evaluate: received 10 results and 0 failures
[92mINFO [0m:      
[92mINFO [0m:      [ROUND 462]
[92mINFO [0m:      configure_fit: strategy sampled 10 clients (out of 10)
[92mINFO [0m:      aggregate_fit: received 10 results and 0 failures
[92mINFO [0m:      configure_evaluate: strategy sampled 10 clients (out of 10)
[92mINFO [0m:      aggregate_evaluate: received 10 results and 0 failures
[92mINFO [0m:      
[92mINFO [0m:      [ROUND 463]
[92mINFO [0m:      configure_fit: strategy sampled 10 clients (out of 10)
[92mINFO [0m:      aggregate_fit: received 10 results and 0 failures
[92mINFO [0m:      configure_evaluate: strategy sampled 10 clients (out of 10)
[92mINFO [0m:      aggregate_evaluate: received 10 results and 0 failures
[92mINFO [0m:      
[92mINFO [0m:      [ROUND 464]
[92mINFO [0m:      configure_fit: strategy sampled 10 clients (out of 10)
[92mINFO [0m:      aggregate_fit: received 10 results and 0 failures
[92mINFO [0m:      configure_evaluate: strategy sampled 10 clients (out of 10)
[92mINFO [0m:      aggregate_evaluate: received 10 results and 0 failures
[92mINFO [0m:      
[92mINFO [0m:      [ROUND 465]
[92mINFO [0m:      configure_fit: strategy sampled 10 clients (out of 10)
[92mINFO [0m:      aggregate_fit: received 10 results and 0 failures
[92mINFO [0m:      configure_evaluate: strategy sampled 10 clients (out of 10)
[92mINFO [0m:      aggregate_evaluate: received 10 results and 0 failures
[92mINFO [0m:      
[92mINFO [0m:      [ROUND 466]
[92mINFO [0m:      configure_fit: strategy sampled 10 clients (out of 10)
[92mINFO [0m:      aggregate_fit: received 10 results and 0 failures
[92mINFO [0m:      configure_evaluate: strategy sampled 10 clients (out of 10)
[92mINFO [0m:      aggregate_evaluate: received 10 results and 0 failures
[92mINFO [0m:      
[92mINFO [0m:      [ROUND 467]
[92mINFO [0m:      configure_fit: strategy sampled 10 clients (out of 10)
[92mINFO [0m:      aggregate_fit: received 10 results and 0 failures
[92mINFO [0m:      configure_evaluate: strategy sampled 10 clients (out of 10)
[92mINFO [0m:      aggregate_evaluate: received 10 results and 0 failures
[92mINFO [0m:      
[92mINFO [0m:      [ROUND 468]
[92mINFO [0m:      configure_fit: strategy sampled 10 clients (out of 10)
[92mINFO [0m:      aggregate_fit: received 10 results and 0 failures
[92mINFO [0m:      configure_evaluate: strategy sampled 10 clients (out of 10)
[92mINFO [0m:      aggregate_evaluate: received 10 results and 0 failures
[92mINFO [0m:      
[92mINFO [0m:      [ROUND 469]
[92mINFO [0m:      configure_fit: strategy sampled 10 clients (out of 10)
[92mINFO [0m:      aggregate_fit: received 10 results and 0 failures
[92mINFO [0m:      configure_evaluate: strategy sampled 10 clients (out of 10)
[92mINFO [0m:      aggregate_evaluate: received 10 results and 0 failures
[92mINFO [0m:      
[92mINFO [0m:      [ROUND 470]
[92mINFO [0m:      configure_fit: strategy sampled 10 clients (out of 10)
[92mINFO [0m:      aggregate_fit: received 10 results and 0 failures
[92mINFO [0m:      configure_evaluate: strategy sampled 10 clients (out of 10)
[92mINFO [0m:      aggregate_evaluate: received 10 results and 0 failures
[92mINFO [0m:      
[92mINFO [0m:      [ROUND 471]
[92mINFO [0m:      configure_fit: strategy sampled 10 clients (out of 10)
[92mINFO [0m:      aggregate_fit: received 10 results and 0 failures
[92mINFO [0m:      configure_evaluate: strategy sampled 10 clients (out of 10)
[92mINFO [0m:      aggregate_evaluate: received 10 results and 0 failures
[92mINFO [0m:      
[92mINFO [0m:      [ROUND 472]
[92mINFO [0m:      configure_fit: strategy sampled 10 clients (out of 10)
[92mINFO [0m:      aggregate_fit: received 10 results and 0 failures
[92mINFO [0m:      configure_evaluate: strategy sampled 10 clients (out of 10)
[92mINFO [0m:      aggregate_evaluate: received 10 results and 0 failures
[92mINFO [0m:      
[92mINFO [0m:      [ROUND 473]
[92mINFO [0m:      configure_fit: strategy sampled 10 clients (out of 10)
[92mINFO [0m:      aggregate_fit: received 10 results and 0 failures
[92mINFO [0m:      configure_evaluate: strategy sampled 10 clients (out of 10)
[92mINFO [0m:      aggregate_evaluate: received 10 results and 0 failures
[92mINFO [0m:      
[92mINFO [0m:      [ROUND 474]
[92mINFO [0m:      configure_fit: strategy sampled 10 clients (out of 10)
[92mINFO [0m:      aggregate_fit: received 10 results and 0 failures
[92mINFO [0m:      configure_evaluate: strategy sampled 10 clients (out of 10)
[92mINFO [0m:      aggregate_evaluate: received 10 results and 0 failures
[92mINFO [0m:      
[92mINFO [0m:      [ROUND 475]
[92mINFO [0m:      configure_fit: strategy sampled 10 clients (out of 10)
[92mINFO [0m:      aggregate_fit: received 10 results and 0 failures
[92mINFO [0m:      configure_evaluate: strategy sampled 10 clients (out of 10)
[92mINFO [0m:      aggregate_evaluate: received 10 results and 0 failures
[92mINFO [0m:      
[92mINFO [0m:      [ROUND 476]
[92mINFO [0m:      configure_fit: strategy sampled 10 clients (out of 10)
[92mINFO [0m:      aggregate_fit: received 10 results and 0 failures
[92mINFO [0m:      configure_evaluate: strategy sampled 10 clients (out of 10)
[92mINFO [0m:      aggregate_evaluate: received 10 results and 0 failures
[92mINFO [0m:      
[92mINFO [0m:      [ROUND 477]
[92mINFO [0m:      configure_fit: strategy sampled 10 clients (out of 10)
[92mINFO [0m:      aggregate_fit: received 10 results and 0 failures
[92mINFO [0m:      configure_evaluate: strategy sampled 10 clients (out of 10)
[92mINFO [0m:      aggregate_evaluate: received 10 results and 0 failures
[92mINFO [0m:      
[92mINFO [0m:      [ROUND 478]
[92mINFO [0m:      configure_fit: strategy sampled 10 clients (out of 10)
[92mINFO [0m:      aggregate_fit: received 10 results and 0 failures
[92mINFO [0m:      configure_evaluate: strategy sampled 10 clients (out of 10)
[92mINFO [0m:      aggregate_evaluate: received 10 results and 0 failures
[92mINFO [0m:      
[92mINFO [0m:      [ROUND 479]
[92mINFO [0m:      configure_fit: strategy sampled 10 clients (out of 10)
[92mINFO [0m:      aggregate_fit: received 10 results and 0 failures
[92mINFO [0m:      configure_evaluate: strategy sampled 10 clients (out of 10)
[92mINFO [0m:      aggregate_evaluate: received 10 results and 0 failures
[92mINFO [0m:      
[92mINFO [0m:      [ROUND 480]
[92mINFO [0m:      configure_fit: strategy sampled 10 clients (out of 10)
[92mINFO [0m:      aggregate_fit: received 10 results and 0 failures
[92mINFO [0m:      configure_evaluate: strategy sampled 10 clients (out of 10)
[92mINFO [0m:      aggregate_evaluate: received 10 results and 0 failures
[92mINFO [0m:      
[92mINFO [0m:      [ROUND 481]
[92mINFO [0m:      configure_fit: strategy sampled 10 clients (out of 10)
[92mINFO [0m:      aggregate_fit: received 10 results and 0 failures
[92mINFO [0m:      configure_evaluate: strategy sampled 10 clients (out of 10)
[92mINFO [0m:      aggregate_evaluate: received 10 results and 0 failures
[92mINFO [0m:      
[92mINFO [0m:      [ROUND 482]
[92mINFO [0m:      configure_fit: strategy sampled 10 clients (out of 10)
[92mINFO [0m:      aggregate_fit: received 10 results and 0 failures
[92mINFO [0m:      configure_evaluate: strategy sampled 10 clients (out of 10)
[92mINFO [0m:      aggregate_evaluate: received 10 results and 0 failures
[92mINFO [0m:      
[92mINFO [0m:      [ROUND 483]
[92mINFO [0m:      configure_fit: strategy sampled 10 clients (out of 10)
[92mINFO [0m:      aggregate_fit: received 10 results and 0 failures
[92mINFO [0m:      configure_evaluate: strategy sampled 10 clients (out of 10)
[92mINFO [0m:      aggregate_evaluate: received 10 results and 0 failures
[92mINFO [0m:      
[92mINFO [0m:      [ROUND 484]
[92mINFO [0m:      configure_fit: strategy sampled 10 clients (out of 10)
[92mINFO [0m:      aggregate_fit: received 10 results and 0 failures
[92mINFO [0m:      configure_evaluate: strategy sampled 10 clients (out of 10)
[92mINFO [0m:      aggregate_evaluate: received 10 results and 0 failures
[92mINFO [0m:      
[92mINFO [0m:      [ROUND 485]
[92mINFO [0m:      configure_fit: strategy sampled 10 clients (out of 10)
[92mINFO [0m:      aggregate_fit: received 10 results and 0 failures
[92mINFO [0m:      configure_evaluate: strategy sampled 10 clients (out of 10)
[92mINFO [0m:      aggregate_evaluate: received 10 results and 0 failures
[92mINFO [0m:      
[92mINFO [0m:      [ROUND 486]
[92mINFO [0m:      configure_fit: strategy sampled 10 clients (out of 10)
[92mINFO [0m:      aggregate_fit: received 10 results and 0 failures
[92mINFO [0m:      configure_evaluate: strategy sampled 10 clients (out of 10)
[92mINFO [0m:      aggregate_evaluate: received 10 results and 0 failures
[92mINFO [0m:      
[92mINFO [0m:      [ROUND 487]
[92mINFO [0m:      configure_fit: strategy sampled 10 clients (out of 10)
[92mINFO [0m:      aggregate_fit: received 10 results and 0 failures
[92mINFO [0m:      configure_evaluate: strategy sampled 10 clients (out of 10)
[92mINFO [0m:      aggregate_evaluate: received 10 results and 0 failures
[92mINFO [0m:      
[92mINFO [0m:      [ROUND 488]
[92mINFO [0m:      configure_fit: strategy sampled 10 clients (out of 10)
[92mINFO [0m:      aggregate_fit: received 10 results and 0 failures
[92mINFO [0m:      configure_evaluate: strategy sampled 10 clients (out of 10)
[92mINFO [0m:      aggregate_evaluate: received 10 results and 0 failures
[92mINFO [0m:      
[92mINFO [0m:      [ROUND 489]
[92mINFO [0m:      configure_fit: strategy sampled 10 clients (out of 10)
[92mINFO [0m:      aggregate_fit: received 10 results and 0 failures
[92mINFO [0m:      configure_evaluate: strategy sampled 10 clients (out of 10)
[92mINFO [0m:      aggregate_evaluate: received 10 results and 0 failures
[92mINFO [0m:      
[92mINFO [0m:      [ROUND 490]
[92mINFO [0m:      configure_fit: strategy sampled 10 clients (out of 10)
[92mINFO [0m:      aggregate_fit: received 10 results and 0 failures
[92mINFO [0m:      configure_evaluate: strategy sampled 10 clients (out of 10)
[92mINFO [0m:      aggregate_evaluate: received 10 results and 0 failures
[92mINFO [0m:      
[92mINFO [0m:      [ROUND 491]
[92mINFO [0m:      configure_fit: strategy sampled 10 clients (out of 10)
[92mINFO [0m:      aggregate_fit: received 10 results and 0 failures
[92mINFO [0m:      configure_evaluate: strategy sampled 10 clients (out of 10)
[92mINFO [0m:      aggregate_evaluate: received 10 results and 0 failures
[92mINFO [0m:      
[92mINFO [0m:      [ROUND 492]
[92mINFO [0m:      configure_fit: strategy sampled 10 clients (out of 10)
[92mINFO [0m:      aggregate_fit: received 10 results and 0 failures
[92mINFO [0m:      configure_evaluate: strategy sampled 10 clients (out of 10)
[92mINFO [0m:      aggregate_evaluate: received 10 results and 0 failures
[92mINFO [0m:      
[92mINFO [0m:      [ROUND 493]
[92mINFO [0m:      configure_fit: strategy sampled 10 clients (out of 10)
[92mINFO [0m:      aggregate_fit: received 10 results and 0 failures
[92mINFO [0m:      configure_evaluate: strategy sampled 10 clients (out of 10)
[92mINFO [0m:      aggregate_evaluate: received 10 results and 0 failures
[92mINFO [0m:      
[92mINFO [0m:      [ROUND 494]
[92mINFO [0m:      configure_fit: strategy sampled 10 clients (out of 10)
[92mINFO [0m:      aggregate_fit: received 10 results and 0 failures
[92mINFO [0m:      configure_evaluate: strategy sampled 10 clients (out of 10)
[92mINFO [0m:      aggregate_evaluate: received 10 results and 0 failures
[92mINFO [0m:      
[92mINFO [0m:      [ROUND 495]
[92mINFO [0m:      configure_fit: strategy sampled 10 clients (out of 10)
[92mINFO [0m:      aggregate_fit: received 10 results and 0 failures
[92mINFO [0m:      configure_evaluate: strategy sampled 10 clients (out of 10)
[92mINFO [0m:      aggregate_evaluate: received 10 results and 0 failures
[92mINFO [0m:      
[92mINFO [0m:      [ROUND 496]
[92mINFO [0m:      configure_fit: strategy sampled 10 clients (out of 10)
[92mINFO [0m:      aggregate_fit: received 10 results and 0 failures
[92mINFO [0m:      configure_evaluate: strategy sampled 10 clients (out of 10)
[92mINFO [0m:      aggregate_evaluate: received 10 results and 0 failures
[92mINFO [0m:      
[92mINFO [0m:      [ROUND 497]
[92mINFO [0m:      configure_fit: strategy sampled 10 clients (out of 10)
[92mINFO [0m:      aggregate_fit: received 10 results and 0 failures
[92mINFO [0m:      configure_evaluate: strategy sampled 10 clients (out of 10)
[92mINFO [0m:      aggregate_evaluate: received 10 results and 0 failures
[92mINFO [0m:      
[92mINFO [0m:      [ROUND 498]
[92mINFO [0m:      configure_fit: strategy sampled 10 clients (out of 10)
[92mINFO [0m:      aggregate_fit: received 10 results and 0 failures
[92mINFO [0m:      configure_evaluate: strategy sampled 10 clients (out of 10)
[92mINFO [0m:      aggregate_evaluate: received 10 results and 0 failures
[92mINFO [0m:      
[92mINFO [0m:      [ROUND 499]
[92mINFO [0m:      configure_fit: strategy sampled 10 clients (out of 10)
[92mINFO [0m:      aggregate_fit: received 10 results and 0 failures
[92mINFO [0m:      configure_evaluate: strategy sampled 10 clients (out of 10)
[92mINFO [0m:      aggregate_evaluate: received 10 results and 0 failures
[92mINFO [0m:      
[92mINFO [0m:      [ROUND 500]
[92mINFO [0m:      configure_fit: strategy sampled 10 clients (out of 10)
[92mINFO [0m:      aggregate_fit: received 10 results and 0 failures
[92mINFO [0m:      configure_evaluate: strategy sampled 10 clients (out of 10)
[92mINFO [0m:      aggregate_evaluate: received 10 results and 0 failures
[92mINFO [0m:      
[92mINFO [0m:      [SUMMARY]
[92mINFO [0m:      Run finished 500 round(s) in 23623.45s
[92mINFO [0m:      	History (loss, distributed):
[92mINFO [0m:      		round 1: 0.0
[92mINFO [0m:      		round 2: 0.0
[92mINFO [0m:      		round 3: 0.0
[92mINFO [0m:      		round 4: 0.0
[92mINFO [0m:      		round 5: 0.0
[92mINFO [0m:      		round 6: 0.0
[92mINFO [0m:      		round 7: 0.0
[92mINFO [0m:      		round 8: 0.0
[92mINFO [0m:      		round 9: 0.0
[92mINFO [0m:      		round 10: 0.0
[92mINFO [0m:      		round 11: 0.0
[92mINFO [0m:      		round 12: 0.0
[92mINFO [0m:      		round 13: 0.0
[92mINFO [0m:      		round 14: 0.0
[92mINFO [0m:      		round 15: 0.0
[92mINFO [0m:      		round 16: 0.0
[92mINFO [0m:      		round 17: 0.0
[92mINFO [0m:      		round 18: 0.0
[92mINFO [0m:      		round 19: 0.0
[92mINFO [0m:      		round 20: 0.0
[92mINFO [0m:      		round 21: 0.0
[92mINFO [0m:      		round 22: 0.0
[92mINFO [0m:      		round 23: 0.0
[92mINFO [0m:      		round 24: 0.0
[92mINFO [0m:      		round 25: 0.48832268734836265
[92mINFO [0m:      		round 26: 0.0
[92mINFO [0m:      		round 27: 0.0
[92mINFO [0m:      		round 28: 0.0
[92mINFO [0m:      		round 29: 0.0
[92mINFO [0m:      		round 30: 0.0
[92mINFO [0m:      		round 31: 0.0
[92mINFO [0m:      		round 32: 0.0
[92mINFO [0m:      		round 33: 0.0
[92mINFO [0m:      		round 34: 0.0
[92mINFO [0m:      		round 35: 0.0
[92mINFO [0m:      		round 36: 0.0
[92mINFO [0m:      		round 37: 0.0
[92mINFO [0m:      		round 38: 0.0
[92mINFO [0m:      		round 39: 0.0
[92mINFO [0m:      		round 40: 0.0
[92mINFO [0m:      		round 41: 0.0
[92mINFO [0m:      		round 42: 0.0
[92mINFO [0m:      		round 43: 0.0
[92mINFO [0m:      		round 44: 0.0
[92mINFO [0m:      		round 45: 0.0
[92mINFO [0m:      		round 46: 0.0
[92mINFO [0m:      		round 47: 0.0
[92mINFO [0m:      		round 48: 0.0
[92mINFO [0m:      		round 49: 0.0
[92mINFO [0m:      		round 50: 0.3616372499567498
[92mINFO [0m:      		round 51: 0.0
[92mINFO [0m:      		round 52: 0.0
[92mINFO [0m:      		round 53: 0.0
[92mINFO [0m:      		round 54: 0.0
[92mINFO [0m:      		round 55: 0.0
[92mINFO [0m:      		round 56: 0.0
[92mINFO [0m:      		round 57: 0.0
[92mINFO [0m:      		round 58: 0.0
[92mINFO [0m:      		round 59: 0.0
[92mINFO [0m:      		round 60: 0.0
[92mINFO [0m:      		round 61: 0.0
[92mINFO [0m:      		round 62: 0.0
[92mINFO [0m:      		round 63: 0.0
[92mINFO [0m:      		round 64: 0.0
[92mINFO [0m:      		round 65: 0.0
[92mINFO [0m:      		round 66: 0.0
[92mINFO [0m:      		round 67: 0.0
[92mINFO [0m:      		round 68: 0.0
[92mINFO [0m:      		round 69: 0.0
[92mINFO [0m:      		round 70: 0.0
[92mINFO [0m:      		round 71: 0.0
[92mINFO [0m:      		round 72: 0.0
[92mINFO [0m:      		round 73: 0.0
[92mINFO [0m:      		round 74: 0.0
[92mINFO [0m:      		round 75: 0.33701106408361803
[92mINFO [0m:      		round 76: 0.0
[92mINFO [0m:      		round 77: 0.0
[92mINFO [0m:      		round 78: 0.0
[92mINFO [0m:      		round 79: 0.0
[92mINFO [0m:      		round 80: 0.0
[92mINFO [0m:      		round 81: 0.0
[92mINFO [0m:      		round 82: 0.0
[92mINFO [0m:      		round 83: 0.0
[92mINFO [0m:      		round 84: 0.0
[92mINFO [0m:      		round 85: 0.0
[92mINFO [0m:      		round 86: 0.0
[92mINFO [0m:      		round 87: 0.0
[92mINFO [0m:      		round 88: 0.0
[92mINFO [0m:      		round 89: 0.0
[92mINFO [0m:      		round 90: 0.0
[92mINFO [0m:      		round 91: 0.0
[92mINFO [0m:      		round 92: 0.0
[92mINFO [0m:      		round 93: 0.0
[92mINFO [0m:      		round 94: 0.0
[92mINFO [0m:      		round 95: 0.0
[92mINFO [0m:      		round 96: 0.0
[92mINFO [0m:      		round 97: 0.0
[92mINFO [0m:      		round 98: 0.0
[92mINFO [0m:      		round 99: 0.0
[92mINFO [0m:      		round 100: 0.33330576220278146
[92mINFO [0m:      		round 101: 0.0
[92mINFO [0m:      		round 102: 0.0
[92mINFO [0m:      		round 103: 0.0
[92mINFO [0m:      		round 104: 0.0
[92mINFO [0m:      		round 105: 0.0
[92mINFO [0m:      		round 106: 0.0
[92mINFO [0m:      		round 107: 0.0
[92mINFO [0m:      		round 108: 0.0
[92mINFO [0m:      		round 109: 0.0
[92mINFO [0m:      		round 110: 0.0
[92mINFO [0m:      		round 111: 0.0
[92mINFO [0m:      		round 112: 0.0
[92mINFO [0m:      		round 113: 0.0
[92mINFO [0m:      		round 114: 0.0
[92mINFO [0m:      		round 115: 0.0
[92mINFO [0m:      		round 116: 0.0
[92mINFO [0m:      		round 117: 0.0
[92mINFO [0m:      		round 118: 0.0
[92mINFO [0m:      		round 119: 0.0
[92mINFO [0m:      		round 120: 0.0
[92mINFO [0m:      		round 121: 0.0
[92mINFO [0m:      		round 122: 0.0
[92mINFO [0m:      		round 123: 0.0
[92mINFO [0m:      		round 124: 0.0
[92mINFO [0m:      		round 125: 0.36688071001249895
[92mINFO [0m:      		round 126: 0.0
[92mINFO [0m:      		round 127: 0.0
[92mINFO [0m:      		round 128: 0.0
[92mINFO [0m:      		round 129: 0.0
[92mINFO [0m:      		round 130: 0.0
[92mINFO [0m:      		round 131: 0.0
[92mINFO [0m:      		round 132: 0.0
[92mINFO [0m:      		round 133: 0.0
[92mINFO [0m:      		round 134: 0.0
[92mINFO [0m:      		round 135: 0.0
[92mINFO [0m:      		round 136: 0.0
[92mINFO [0m:      		round 137: 0.0
[92mINFO [0m:      		round 138: 0.0
[92mINFO [0m:      		round 139: 0.0
[92mINFO [0m:      		round 140: 0.0
[92mINFO [0m:      		round 141: 0.0
[92mINFO [0m:      		round 142: 0.0
[92mINFO [0m:      		round 143: 0.0
[92mINFO [0m:      		round 144: 0.0
[92mINFO [0m:      		round 145: 0.0
[92mINFO [0m:      		round 146: 0.0
[92mINFO [0m:      		round 147: 0.0
[92mINFO [0m:      		round 148: 0.0
[92mINFO [0m:      		round 149: 0.0
[92mINFO [0m:      		round 150: 0.39722754919106606
[92mINFO [0m:      		round 151: 0.0
[92mINFO [0m:      		round 152: 0.0
[92mINFO [0m:      		round 153: 0.0
[92mINFO [0m:      		round 154: 0.0
[92mINFO [0m:      		round 155: 0.0
[92mINFO [0m:      		round 156: 0.0
[92mINFO [0m:      		round 157: 0.0
[92mINFO [0m:      		round 158: 0.0
[92mINFO [0m:      		round 159: 0.0
[92mINFO [0m:      		round 160: 0.0
[92mINFO [0m:      		round 161: 0.0
[92mINFO [0m:      		round 162: 0.0
[92mINFO [0m:      		round 163: 0.0
[92mINFO [0m:      		round 164: 0.0
[92mINFO [0m:      		round 165: 0.0
[92mINFO [0m:      		round 166: 0.0
[92mINFO [0m:      		round 167: 0.0
[92mINFO [0m:      		round 168: 0.0
[92mINFO [0m:      		round 169: 0.0
[92mINFO [0m:      		round 170: 0.0
[92mINFO [0m:      		round 171: 0.0
[92mINFO [0m:      		round 172: 0.0
[92mINFO [0m:      		round 173: 0.0
[92mINFO [0m:      		round 174: 0.0
[92mINFO [0m:      		round 175: 0.42021149862439006
[92mINFO [0m:      		round 176: 0.0
[92mINFO [0m:      		round 177: 0.0
[92mINFO [0m:      		round 178: 0.0
[92mINFO [0m:      		round 179: 0.0
[92mINFO [0m:      		round 180: 0.0
[92mINFO [0m:      		round 181: 0.0
[92mINFO [0m:      		round 182: 0.0
[92mINFO [0m:      		round 183: 0.0
[92mINFO [0m:      		round 184: 0.0
[92mINFO [0m:      		round 185: 0.0
[92mINFO [0m:      		round 186: 0.0
[92mINFO [0m:      		round 187: 0.0
[92mINFO [0m:      		round 188: 0.0
[92mINFO [0m:      		round 189: 0.0
[92mINFO [0m:      		round 190: 0.0
[92mINFO [0m:      		round 191: 0.0
[92mINFO [0m:      		round 192: 0.0
[92mINFO [0m:      		round 193: 0.0
[92mINFO [0m:      		round 194: 0.0
[92mINFO [0m:      		round 195: 0.0
[92mINFO [0m:      		round 196: 0.0
[92mINFO [0m:      		round 197: 0.0
[92mINFO [0m:      		round 198: 0.0
[92mINFO [0m:      		round 199: 0.0
[92mINFO [0m:      		round 200: 0.43706780472016976
[92mINFO [0m:      		round 201: 0.0
[92mINFO [0m:      		round 202: 0.0
[92mINFO [0m:      		round 203: 0.0
[92mINFO [0m:      		round 204: 0.0
[92mINFO [0m:      		round 205: 0.0
[92mINFO [0m:      		round 206: 0.0
[92mINFO [0m:      		round 207: 0.0
[92mINFO [0m:      		round 208: 0.0
[92mINFO [0m:      		round 209: 0.0
[92mINFO [0m:      		round 210: 0.0
[92mINFO [0m:      		round 211: 0.0
[92mINFO [0m:      		round 212: 0.0
[92mINFO [0m:      		round 213: 0.0
[92mINFO [0m:      		round 214: 0.0
[92mINFO [0m:      		round 215: 0.0
[92mINFO [0m:      		round 216: 0.0
[92mINFO [0m:      		round 217: 0.0
[92mINFO [0m:      		round 218: 0.0
[92mINFO [0m:      		round 219: 0.0
[92mINFO [0m:      		round 220: 0.0
[92mINFO [0m:      		round 221: 0.0
[92mINFO [0m:      		round 222: 0.0
[92mINFO [0m:      		round 223: 0.0
[92mINFO [0m:      		round 224: 0.0
[92mINFO [0m:      		round 225: 0.4623413763882498
[92mINFO [0m:      		round 226: 0.0
[92mINFO [0m:      		round 227: 0.0
[92mINFO [0m:      		round 228: 0.0
[92mINFO [0m:      		round 229: 0.0
[92mINFO [0m:      		round 230: 0.0
[92mINFO [0m:      		round 231: 0.0
[92mINFO [0m:      		round 232: 0.0
[92mINFO [0m:      		round 233: 0.0
[92mINFO [0m:      		round 234: 0.0
[92mINFO [0m:      		round 235: 0.0
[92mINFO [0m:      		round 236: 0.0
[92mINFO [0m:      		round 237: 0.0
[92mINFO [0m:      		round 238: 0.0
[92mINFO [0m:      		round 239: 0.0
[92mINFO [0m:      		round 240: 0.0
[92mINFO [0m:      		round 241: 0.0
[92mINFO [0m:      		round 242: 0.0
[92mINFO [0m:      		round 243: 0.0
[92mINFO [0m:      		round 244: 0.0
[92mINFO [0m:      		round 245: 0.0
[92mINFO [0m:      		round 246: 0.0
[92mINFO [0m:      		round 247: 0.0
[92mINFO [0m:      		round 248: 0.0
[92mINFO [0m:      		round 249: 0.0
[92mINFO [0m:      		round 250: 0.46941294287269114
[92mINFO [0m:      		round 251: 0.0
[92mINFO [0m:      		round 252: 0.0
[92mINFO [0m:      		round 253: 0.0
[92mINFO [0m:      		round 254: 0.0
[92mINFO [0m:      		round 255: 0.0
[92mINFO [0m:      		round 256: 0.0
[92mINFO [0m:      		round 257: 0.0
[92mINFO [0m:      		round 258: 0.0
[92mINFO [0m:      		round 259: 0.0
[92mINFO [0m:      		round 260: 0.0
[92mINFO [0m:      		round 261: 0.0
[92mINFO [0m:      		round 262: 0.0
[92mINFO [0m:      		round 263: 0.0
[92mINFO [0m:      		round 264: 0.0
[92mINFO [0m:      		round 265: 0.0
[92mINFO [0m:      		round 266: 0.0
[92mINFO [0m:      		round 267: 0.0
[92mINFO [0m:      		round 268: 0.0
[92mINFO [0m:      		round 269: 0.0
[92mINFO [0m:      		round 270: 0.0
[92mINFO [0m:      		round 271: 0.0
[92mINFO [0m:      		round 272: 0.0
[92mINFO [0m:      		round 273: 0.0
[92mINFO [0m:      		round 274: 0.0
[92mINFO [0m:      		round 275: 0.47023957603066796
[92mINFO [0m:      		round 276: 0.0
[92mINFO [0m:      		round 277: 0.0
[92mINFO [0m:      		round 278: 0.0
[92mINFO [0m:      		round 279: 0.0
[92mINFO [0m:      		round 280: 0.0
[92mINFO [0m:      		round 281: 0.0
[92mINFO [0m:      		round 282: 0.0
[92mINFO [0m:      		round 283: 0.0
[92mINFO [0m:      		round 284: 0.0
[92mINFO [0m:      		round 285: 0.0
[92mINFO [0m:      		round 286: 0.0
[92mINFO [0m:      		round 287: 0.0
[92mINFO [0m:      		round 288: 0.0
[92mINFO [0m:      		round 289: 0.0
[92mINFO [0m:      		round 290: 0.0
[92mINFO [0m:      		round 291: 0.0
[92mINFO [0m:      		round 292: 0.0
[92mINFO [0m:      		round 293: 0.0
[92mINFO [0m:      		round 294: 0.0
[92mINFO [0m:      		round 295: 0.0
[92mINFO [0m:      		round 296: 0.0
[92mINFO [0m:      		round 297: 0.0
[92mINFO [0m:      		round 298: 0.0
[92mINFO [0m:      		round 299: 0.0
[92mINFO [0m:      		round 300: 0.47163123953939196
[92mINFO [0m:      		round 301: 0.0
[92mINFO [0m:      		round 302: 0.0
[92mINFO [0m:      		round 303: 0.0
[92mINFO [0m:      		round 304: 0.0
[92mINFO [0m:      		round 305: 0.0
[92mINFO [0m:      		round 306: 0.0
[92mINFO [0m:      		round 307: 0.0
[92mINFO [0m:      		round 308: 0.0
[92mINFO [0m:      		round 309: 0.0
[92mINFO [0m:      		round 310: 0.0
[92mINFO [0m:      		round 311: 0.0
[92mINFO [0m:      		round 312: 0.0
[92mINFO [0m:      		round 313: 0.0
[92mINFO [0m:      		round 314: 0.0
[92mINFO [0m:      		round 315: 0.0
[92mINFO [0m:      		round 316: 0.0
[92mINFO [0m:      		round 317: 0.0
[92mINFO [0m:      		round 318: 0.0
[92mINFO [0m:      		round 319: 0.0
[92mINFO [0m:      		round 320: 0.0
[92mINFO [0m:      		round 321: 0.0
[92mINFO [0m:      		round 322: 0.0
[92mINFO [0m:      		round 323: 0.0
[92mINFO [0m:      		round 324: 0.0
[92mINFO [0m:      		round 325: 0.4967344145213437
[92mINFO [0m:      		round 326: 0.0
[92mINFO [0m:      		round 327: 0.0
[92mINFO [0m:      		round 328: 0.0
[92mINFO [0m:      		round 329: 0.0
[92mINFO [0m:      		round 330: 0.0
[92mINFO [0m:      		round 331: 0.0
[92mINFO [0m:      		round 332: 0.0
[92mINFO [0m:      		round 333: 0.0
[92mINFO [0m:      		round 334: 0.0
[92mINFO [0m:      		round 335: 0.0
[92mINFO [0m:      		round 336: 0.0
[92mINFO [0m:      		round 337: 0.0
[92mINFO [0m:      		round 338: 0.0
[92mINFO [0m:      		round 339: 0.0
[92mINFO [0m:      		round 340: 0.0
[92mINFO [0m:      		round 341: 0.0
[92mINFO [0m:      		round 342: 0.0
[92mINFO [0m:      		round 343: 0.0
[92mINFO [0m:      		round 344: 0.0
[92mINFO [0m:      		round 345: 0.0
[92mINFO [0m:      		round 346: 0.0
[92mINFO [0m:      		round 347: 0.0
[92mINFO [0m:      		round 348: 0.0
[92mINFO [0m:      		round 349: 0.0
[92mINFO [0m:      		round 350: 0.484543808515237
[92mINFO [0m:      		round 351: 0.0
[92mINFO [0m:      		round 352: 0.0
[92mINFO [0m:      		round 353: 0.0
[92mINFO [0m:      		round 354: 0.0
[92mINFO [0m:      		round 355: 0.0
[92mINFO [0m:      		round 356: 0.0
[92mINFO [0m:      		round 357: 0.0
[92mINFO [0m:      		round 358: 0.0
[92mINFO [0m:      		round 359: 0.0
[92mINFO [0m:      		round 360: 0.0
[92mINFO [0m:      		round 361: 0.0
[92mINFO [0m:      		round 362: 0.0
[92mINFO [0m:      		round 363: 0.0
[92mINFO [0m:      		round 364: 0.0
[92mINFO [0m:      		round 365: 0.0
[92mINFO [0m:      		round 366: 0.0
[92mINFO [0m:      		round 367: 0.0
[92mINFO [0m:      		round 368: 0.0
[92mINFO [0m:      		round 369: 0.0
[92mINFO [0m:      		round 370: 0.0
[92mINFO [0m:      		round 371: 0.0
[92mINFO [0m:      		round 372: 0.0
[92mINFO [0m:      		round 373: 0.0
[92mINFO [0m:      		round 374: 0.0
[92mINFO [0m:      		round 375: 0.48141290771353784
[92mINFO [0m:      		round 376: 0.0
[92mINFO [0m:      		round 377: 0.0
[92mINFO [0m:      		round 378: 0.0
[92mINFO [0m:      		round 379: 0.0
[92mINFO [0m:      		round 380: 0.0
[92mINFO [0m:      		round 381: 0.0
[92mINFO [0m:      		round 382: 0.0
[92mINFO [0m:      		round 383: 0.0
[92mINFO [0m:      		round 384: 0.0
[92mINFO [0m:      		round 385: 0.0
[92mINFO [0m:      		round 386: 0.0
[92mINFO [0m:      		round 387: 0.0
[92mINFO [0m:      		round 388: 0.0
[92mINFO [0m:      		round 389: 0.0
[92mINFO [0m:      		round 390: 0.0
[92mINFO [0m:      		round 391: 0.0
[92mINFO [0m:      		round 392: 0.0
[92mINFO [0m:      		round 393: 0.0
[92mINFO [0m:      		round 394: 0.0
[92mINFO [0m:      		round 395: 0.0
[92mINFO [0m:      		round 396: 0.0
[92mINFO [0m:      		round 397: 0.0
[92mINFO [0m:      		round 398: 0.0
[92mINFO [0m:      		round 399: 0.0
[92mINFO [0m:      		round 400: 0.5118638631751298
[92mINFO [0m:      		round 401: 0.0
[92mINFO [0m:      		round 402: 0.0
[92mINFO [0m:      		round 403: 0.0
[92mINFO [0m:      		round 404: 0.0
[92mINFO [0m:      		round 405: 0.0
[92mINFO [0m:      		round 406: 0.0
[92mINFO [0m:      		round 407: 0.0
[92mINFO [0m:      		round 408: 0.0
[92mINFO [0m:      		round 409: 0.0
[92mINFO [0m:      		round 410: 0.0
[92mINFO [0m:      		round 411: 0.0
[92mINFO [0m:      		round 412: 0.0
[92mINFO [0m:      		round 413: 0.0
[92mINFO [0m:      		round 414: 0.0
[92mINFO [0m:      		round 415: 0.0
[92mINFO [0m:      		round 416: 0.0
[92mINFO [0m:      		round 417: 0.0
[92mINFO [0m:      		round 418: 0.0
[92mINFO [0m:      		round 419: 0.0
[92mINFO [0m:      		round 420: 0.0
[92mINFO [0m:      		round 421: 0.0
[92mINFO [0m:      		round 422: 0.0
[92mINFO [0m:      		round 423: 0.0
[92mINFO [0m:      		round 424: 0.0
[92mINFO [0m:      		round 425: 0.48804221698913464
[92mINFO [0m:      		round 426: 0.0
[92mINFO [0m:      		round 427: 0.0
[92mINFO [0m:      		round 428: 0.0
[92mINFO [0m:      		round 429: 0.0
[92mINFO [0m:      		round 430: 0.0
[92mINFO [0m:      		round 431: 0.0
[92mINFO [0m:      		round 432: 0.0
[92mINFO [0m:      		round 433: 0.0
[92mINFO [0m:      		round 434: 0.0
[92mINFO [0m:      		round 435: 0.0
[92mINFO [0m:      		round 436: 0.0
[92mINFO [0m:      		round 437: 0.0
[92mINFO [0m:      		round 438: 0.0
[92mINFO [0m:      		round 439: 0.0
[92mINFO [0m:      		round 440: 0.0
[92mINFO [0m:      		round 441: 0.0
[92mINFO [0m:      		round 442: 0.0
[92mINFO [0m:      		round 443: 0.0
[92mINFO [0m:      		round 444: 0.0
[92mINFO [0m:      		round 445: 0.0
[92mINFO [0m:      		round 446: 0.0
[92mINFO [0m:      		round 447: 0.0
[92mINFO [0m:      		round 448: 0.0
[92mINFO [0m:      		round 449: 0.0
[92mINFO [0m:      		round 450: 0.5238427319104195
[92mINFO [0m:      		round 451: 0.0
[92mINFO [0m:      		round 452: 0.0
[92mINFO [0m:      		round 453: 0.0
[92mINFO [0m:      		round 454: 0.0
[92mINFO [0m:      		round 455: 0.0
[92mINFO [0m:      		round 456: 0.0
[92mINFO [0m:      		round 457: 0.0
[92mINFO [0m:      		round 458: 0.0
[92mINFO [0m:      		round 459: 0.0
[92mINFO [0m:      		round 460: 0.0
[92mINFO [0m:      		round 461: 0.0
[92mINFO [0m:      		round 462: 0.0
[92mINFO [0m:      		round 463: 0.0
[92mINFO [0m:      		round 464: 0.0
[92mINFO [0m:      		round 465: 0.0
[92mINFO [0m:      		round 466: 0.0
[92mINFO [0m:      		round 467: 0.0
[92mINFO [0m:      		round 468: 0.0
[92mINFO [0m:      		round 469: 0.0
[92mINFO [0m:      		round 470: 0.0
[92mINFO [0m:      		round 471: 0.0
[92mINFO [0m:      		round 472: 0.0
[92mINFO [0m:      		round 473: 0.0
[92mINFO [0m:      		round 474: 0.0
[92mINFO [0m:      		round 475: 0.5144877444905271
[92mINFO [0m:      		round 476: 0.0
[92mINFO [0m:      		round 477: 0.0
[92mINFO [0m:      		round 478: 0.0
[92mINFO [0m:      		round 479: 0.0
[92mINFO [0m:      		round 480: 0.0
[92mINFO [0m:      		round 481: 0.0
[92mINFO [0m:      		round 482: 0.0
[92mINFO [0m:      		round 483: 0.0
[92mINFO [0m:      		round 484: 0.0
[92mINFO [0m:      		round 485: 0.0
[92mINFO [0m:      		round 486: 0.0
[92mINFO [0m:      		round 487: 0.0
[92mINFO [0m:      		round 488: 0.0
[92mINFO [0m:      		round 489: 0.0
[92mINFO [0m:      		round 490: 0.0
[92mINFO [0m:      		round 491: 0.0
[92mINFO [0m:      		round 492: 0.0
[92mINFO [0m:      		round 493: 0.0
[92mINFO [0m:      		round 494: 0.0
[92mINFO [0m:      		round 495: 0.0
[92mINFO [0m:      		round 496: 0.0
[92mINFO [0m:      		round 497: 0.0
[92mINFO [0m:      		round 498: 0.0
[92mINFO [0m:      		round 499: 0.0
[92mINFO [0m:      		round 500: 0.4837647317985821
[92mINFO [0m:      	History (metrics, distributed, evaluate):
[92mINFO [0m:      	{'triggers': [(1, 1),
[92mINFO [0m:      	              (2, 1),
[92mINFO [0m:      	              (3, 1),
[92mINFO [0m:      	              (4, 1),
[92mINFO [0m:      	              (5, 1),
[92mINFO [0m:      	              (6, 1),
[92mINFO [0m:      	              (7, 1),
[92mINFO [0m:      	              (8, 1),
[92mINFO [0m:      	              (9, 1),
[92mINFO [0m:      	              (10, 1),
[92mINFO [0m:      	              (11, 1),
[92mINFO [0m:      	              (12, 1),
[92mINFO [0m:      	              (13, 1),
[92mINFO [0m:      	              (14, 1),
[92mINFO [0m:      	              (15, 1),
[92mINFO [0m:      	              (16, 1),
[92mINFO [0m:      	              (17, 1),
[92mINFO [0m:      	              (18, 1),
[92mINFO [0m:      	              (19, 1),
[92mINFO [0m:      	              (20, 1),
[92mINFO [0m:      	              (21, 1),
[92mINFO [0m:      	              (22, 1),
[92mINFO [0m:      	              (23, 1),
[92mINFO [0m:      	              (24, 1),
[92mINFO [0m:      	              (25, 1),
[92mINFO [0m:      	              (26, 1),
[92mINFO [0m:      	              (27, 1),
[92mINFO [0m:      	              (28, 1),
[92mINFO [0m:      	              (29, 1),
[92mINFO [0m:      	              (30, 1),
[92mINFO [0m:      	              (31, 1),
[92mINFO [0m:      	              (32, 1),
[92mINFO [0m:      	              (33, 1),
[92mINFO [0m:      	              (34, 1),
[92mINFO [0m:      	              (35, 1),
[92mINFO [0m:      	              (36, 1),
[92mINFO [0m:      	              (37, 1),
[92mINFO [0m:      	              (38, 1),
[92mINFO [0m:      	              (39, 1),
[92mINFO [0m:      	              (40, 1),
[92mINFO [0m:      	              (41, 1),
[92mINFO [0m:      	              (42, 1),
[92mINFO [0m:      	              (43, 1),
[92mINFO [0m:      	              (44, 1),
[92mINFO [0m:      	              (45, 1),
[92mINFO [0m:      	              (46, 1),
[92mINFO [0m:      	              (47, 1),
[92mINFO [0m:      	              (48, 1),
[92mINFO [0m:      	              (49, 1),
[92mINFO [0m:      	              (50, 1),
[92mINFO [0m:      	              (51, 1),
[92mINFO [0m:      	              (52, 1),
[92mINFO [0m:      	              (53, 1),
[92mINFO [0m:      	              (54, 1),
[92mINFO [0m:      	              (55, 1),
[92mINFO [0m:      	              (56, 1),
[92mINFO [0m:      	              (57, 1),
[92mINFO [0m:      	              (58, 1),
[92mINFO [0m:      	              (59, 1),
[92mINFO [0m:      	              (60, 1),
[92mINFO [0m:      	              (61, 1),
[92mINFO [0m:      	              (62, 1),
[92mINFO [0m:      	              (63, 1),
[92mINFO [0m:      	              (64, 1),
[92mINFO [0m:      	              (65, 1),
[92mINFO [0m:      	              (66, 1),
[92mINFO [0m:      	              (67, 1),
[92mINFO [0m:      	              (68, 1),
[92mINFO [0m:      	              (69, 1),
[92mINFO [0m:      	              (70, 1),
[92mINFO [0m:      	              (71, 1),
[92mINFO [0m:      	              (72, 1),
[92mINFO [0m:      	              (73, 1),
[92mINFO [0m:      	              (74, 1),
[92mINFO [0m:      	              (75, 1),
[92mINFO [0m:      	              (76, 1),
[92mINFO [0m:      	              (77, 1),
[92mINFO [0m:      	              (78, 1),
[92mINFO [0m:      	              (79, 1),
[92mINFO [0m:      	              (80, 1),
[92mINFO [0m:      	              (81, 1),
[92mINFO [0m:      	              (82, 1),
[92mINFO [0m:      	              (83, 1),
[92mINFO [0m:      	              (84, 1),
[92mINFO [0m:      	              (85, 1),
[92mINFO [0m:      	              (86, 1),
[92mINFO [0m:      	              (87, 1),
[92mINFO [0m:      	              (88, 1),
[92mINFO [0m:      	              (89, 1),
[92mINFO [0m:      	              (90, 1),
[92mINFO [0m:      	              (91, 1),
[92mINFO [0m:      	              (92, 1),
[92mINFO [0m:      	              (93, 1),
[92mINFO [0m:      	              (94, 1),
[92mINFO [0m:      	              (95, 1),
[92mINFO [0m:      	              (96, 1),
[92mINFO [0m:      	              (97, 1),
[92mINFO [0m:      	              (98, 1),
[92mINFO [0m:      	              (99, 1),
[92mINFO [0m:      	              (100, 1),
[92mINFO [0m:      	              (101, 1),
[92mINFO [0m:      	              (102, 1),
[92mINFO [0m:      	              (103, 1),
[92mINFO [0m:      	              (104, 1),
[92mINFO [0m:      	              (105, 1),
[92mINFO [0m:      	              (106, 1),
[92mINFO [0m:      	              (107, 1),
[92mINFO [0m:      	              (108, 1),
[92mINFO [0m:      	              (109, 1),
[92mINFO [0m:      	              (110, 1),
[92mINFO [0m:      	              (111, 1),
[92mINFO [0m:      	              (112, 1),
[92mINFO [0m:      	              (113, 1),
[92mINFO [0m:      	              (114, 1),
[92mINFO [0m:      	              (115, 1),
[92mINFO [0m:      	              (116, 1),
[92mINFO [0m:      	              (117, 1),
[92mINFO [0m:      	              (118, 1),
[92mINFO [0m:      	              (119, 1),
[92mINFO [0m:      	              (120, 1),
[92mINFO [0m:      	              (121, 1),
[92mINFO [0m:      	              (122, 1),
[92mINFO [0m:      	              (123, 1),
[92mINFO [0m:      	              (124, 1),
[92mINFO [0m:      	              (125, 1),
[92mINFO [0m:      	              (126, 1),
[92mINFO [0m:      	              (127, 1),
[92mINFO [0m:      	              (128, 1),
[92mINFO [0m:      	              (129, 1),
[92mINFO [0m:      	              (130, 1),
[92mINFO [0m:      	              (131, 1),
[92mINFO [0m:      	              (132, 1),
[92mINFO [0m:      	              (133, 1),
[92mINFO [0m:      	              (134, 1),
[92mINFO [0m:      	              (135, 1),
[92mINFO [0m:      	              (136, 1),
[92mINFO [0m:      	              (137, 1),
[92mINFO [0m:      	              (138, 1),
[92mINFO [0m:      	              (139, 1),
[92mINFO [0m:      	              (140, 1),
[92mINFO [0m:      	              (141, 1),
[92mINFO [0m:      	              (142, 1),
[92mINFO [0m:      	              (143, 1),
[92mINFO [0m:      	              (144, 1),
[92mINFO [0m:      	              (145, 1),
[92mINFO [0m:      	              (146, 1),
[92mINFO [0m:      	              (147, 1),
[92mINFO [0m:      	              (148, 1),
[92mINFO [0m:      	              (149, 1),
[92mINFO [0m:      	              (150, 1),
[92mINFO [0m:      	              (151, 1),
[92mINFO [0m:      	              (152, 1),
[92mINFO [0m:      	              (153, 1),
[92mINFO [0m:      	              (154, 1),
[92mINFO [0m:      	              (155, 1),
[92mINFO [0m:      	              (156, 1),
[92mINFO [0m:      	              (157, 1),
[92mINFO [0m:      	              (158, 1),
[92mINFO [0m:      	              (159, 1),
[92mINFO [0m:      	              (160, 1),
[92mINFO [0m:      	              (161, 1),
[92mINFO [0m:      	              (162, 1),
[92mINFO [0m:      	              (163, 1),
[92mINFO [0m:      	              (164, 1),
[92mINFO [0m:      	              (165, 1),
[92mINFO [0m:      	              (166, 1),
[92mINFO [0m:      	              (167, 1),
[92mINFO [0m:      	              (168, 1),
[92mINFO [0m:      	              (169, 1),
[92mINFO [0m:      	              (170, 1),
[92mINFO [0m:      	              (171, 1),
[92mINFO [0m:      	              (172, 1),
[92mINFO [0m:      	              (173, 1),
[92mINFO [0m:      	              (174, 1),
[92mINFO [0m:      	              (175, 1),
[92mINFO [0m:      	              (176, 1),
[92mINFO [0m:      	              (177, 1),
[92mINFO [0m:      	              (178, 1),
[92mINFO [0m:      	              (179, 1),
[92mINFO [0m:      	              (180, 1),
[92mINFO [0m:      	              (181, 1),
[92mINFO [0m:      	              (182, 1),
[92mINFO [0m:      	              (183, 1),
[92mINFO [0m:      	              (184, 1),
[92mINFO [0m:      	              (185, 1),
[92mINFO [0m:      	              (186, 1),
[92mINFO [0m:      	              (187, 1),
[92mINFO [0m:      	              (188, 1),
[92mINFO [0m:      	              (189, 1),
[92mINFO [0m:      	              (190, 1),
[92mINFO [0m:      	              (191, 1),
[92mINFO [0m:      	              (192, 1),
[92mINFO [0m:      	              (193, 1),
[92mINFO [0m:      	              (194, 1),
[92mINFO [0m:      	              (195, 1),
[92mINFO [0m:      	              (196, 1),
[92mINFO [0m:      	              (197, 1),
[92mINFO [0m:      	              (198, 1),
[92mINFO [0m:      	              (199, 1),
[92mINFO [0m:      	              (200, 1),
[92mINFO [0m:      	              (201, 1),
[92mINFO [0m:      	              (202, 1),
[92mINFO [0m:      	              (203, 1),
[92mINFO [0m:      	              (204, 1),
[92mINFO [0m:      	              (205, 1),
[92mINFO [0m:      	              (206, 1),
[92mINFO [0m:      	              (207, 1),
[92mINFO [0m:      	              (208, 1),
[92mINFO [0m:      	              (209, 1),
[92mINFO [0m:      	              (210, 1),
[92mINFO [0m:      	              (211, 1),
[92mINFO [0m:      	              (212, 1),
[92mINFO [0m:      	              (213, 1),
[92mINFO [0m:      	              (214, 1),
[92mINFO [0m:      	              (215, 1),
[92mINFO [0m:      	              (216, 1),
[92mINFO [0m:      	              (217, 1),
[92mINFO [0m:      	              (218, 1),
[92mINFO [0m:      	              (219, 1),
[92mINFO [0m:      	              (220, 1),
[92mINFO [0m:      	              (221, 1),
[92mINFO [0m:      	              (222, 1),
[92mINFO [0m:      	              (223, 1),
[92mINFO [0m:      	              (224, 1),
[92mINFO [0m:      	              (225, 1),
[92mINFO [0m:      	              (226, 1),
[92mINFO [0m:      	              (227, 1),
[92mINFO [0m:      	              (228, 1),
[92mINFO [0m:      	              (229, 1),
[92mINFO [0m:      	              (230, 1),
[92mINFO [0m:      	              (231, 1),
[92mINFO [0m:      	              (232, 1),
[92mINFO [0m:      	              (233, 1),
[92mINFO [0m:      	              (234, 1),
[92mINFO [0m:      	              (235, 1),
[92mINFO [0m:      	              (236, 1),
[92mINFO [0m:      	              (237, 1),
[92mINFO [0m:      	              (238, 1),
[92mINFO [0m:      	              (239, 1),
[92mINFO [0m:      	              (240, 1),
[92mINFO [0m:      	              (241, 1),
[92mINFO [0m:      	              (242, 1),
[92mINFO [0m:      	              (243, 1),
[92mINFO [0m:      	              (244, 1),
[92mINFO [0m:      	              (245, 1),
[92mINFO [0m:      	              (246, 1),
[92mINFO [0m:      	              (247, 1),
[92mINFO [0m:      	              (248, 1),
[92mINFO [0m:      	              (249, 1),
[92mINFO [0m:      	              (250, 1),
[92mINFO [0m:      	              (251, 1),
[92mINFO [0m:      	              (252, 1),
[92mINFO [0m:      	              (253, 1),
[92mINFO [0m:      	              (254, 1),
[92mINFO [0m:      	              (255, 1),
[92mINFO [0m:      	              (256, 1),
[92mINFO [0m:      	              (257, 1),
[92mINFO [0m:      	              (258, 1),
[92mINFO [0m:      	              (259, 1),
[92mINFO [0m:      	              (260, 1),
[92mINFO [0m:      	              (261, 1),
[92mINFO [0m:      	              (262, 1),
[92mINFO [0m:      	              (263, 1),
[92mINFO [0m:      	              (264, 1),
[92mINFO [0m:      	              (265, 1),
[92mINFO [0m:      	              (266, 1),
[92mINFO [0m:      	              (267, 1),
[92mINFO [0m:      	              (268, 1),
[92mINFO [0m:      	              (269, 1),
[92mINFO [0m:      	              (270, 1),
[92mINFO [0m:      	              (271, 1),
[92mINFO [0m:      	              (272, 1),
[92mINFO [0m:      	              (273, 1),
[92mINFO [0m:      	              (274, 1),
[92mINFO [0m:      	              (275, 1),
[92mINFO [0m:      	              (276, 1),
[92mINFO [0m:      	              (277, 1),
[92mINFO [0m:      	              (278, 1),
[92mINFO [0m:      	              (279, 1),
[92mINFO [0m:      	              (280, 1),
[92mINFO [0m:      	              (281, 1),
[92mINFO [0m:      	              (282, 1),
[92mINFO [0m:      	              (283, 1),
[92mINFO [0m:      	              (284, 1),
[92mINFO [0m:      	              (285, 1),
[92mINFO [0m:      	              (286, 1),
[92mINFO [0m:      	              (287, 1),
[92mINFO [0m:      	              (288, 1),
[92mINFO [0m:      	              (289, 1),
[92mINFO [0m:      	              (290, 1),
[92mINFO [0m:      	              (291, 1),
[92mINFO [0m:      	              (292, 1),
[92mINFO [0m:      	              (293, 1),
[92mINFO [0m:      	              (294, 1),
[92mINFO [0m:      	              (295, 1),
[92mINFO [0m:      	              (296, 1),
[92mINFO [0m:      	              (297, 1),
[92mINFO [0m:      	              (298, 1),
[92mINFO [0m:      	              (299, 1),
[92mINFO [0m:      	              (300, 1),
[92mINFO [0m:      	              (301, 1),
[92mINFO [0m:      	              (302, 1),
[92mINFO [0m:      	              (303, 1),
[92mINFO [0m:      	              (304, 1),
[92mINFO [0m:      	              (305, 1),
[92mINFO [0m:      	              (306, 1),
[92mINFO [0m:      	              (307, 1),
[92mINFO [0m:      	              (308, 1),
[92mINFO [0m:      	              (309, 1),
[92mINFO [0m:      	              (310, 1),
[92mINFO [0m:      	              (311, 1),
[92mINFO [0m:      	              (312, 1),
[92mINFO [0m:      	              (313, 1),
[92mINFO [0m:      	              (314, 1),
[92mINFO [0m:      	              (315, 1),
[92mINFO [0m:      	              (316, 1),
[92mINFO [0m:      	              (317, 1),
[92mINFO [0m:      	              (318, 1),
[92mINFO [0m:      	              (319, 1),
[92mINFO [0m:      	              (320, 1),
[92mINFO [0m:      	              (321, 1),
[92mINFO [0m:      	              (322, 1),
[92mINFO [0m:      	              (323, 1),
[92mINFO [0m:      	              (324, 1),
[92mINFO [0m:      	              (325, 1),
[92mINFO [0m:      	              (326, 1),
[92mINFO [0m:      	              (327, 1),
[92mINFO [0m:      	              (328, 1),
[92mINFO [0m:      	              (329, 1),
[92mINFO [0m:      	              (330, 1),
[92mINFO [0m:      	              (331, 1),
[92mINFO [0m:      	              (332, 1),
[92mINFO [0m:      	              (333, 1),
[92mINFO [0m:      	              (334, 1),
[92mINFO [0m:      	              (335, 1),
[92mINFO [0m:      	              (336, 1),
[92mINFO [0m:      	              (337, 1),
[92mINFO [0m:      	              (338, 1),
[92mINFO [0m:      	              (339, 1),
[92mINFO [0m:      	              (340, 1),
[92mINFO [0m:      	              (341, 1),
[92mINFO [0m:      	              (342, 1),
[92mINFO [0m:      	              (343, 1),
[92mINFO [0m:      	              (344, 1),
[92mINFO [0m:      	              (345, 1),
[92mINFO [0m:      	              (346, 1),
[92mINFO [0m:      	              (347, 1),
[92mINFO [0m:      	              (348, 1),
[92mINFO [0m:      	              (349, 1),
[92mINFO [0m:      	              (350, 1),
[92mINFO [0m:      	              (351, 1),
[92mINFO [0m:      	              (352, 1),
[92mINFO [0m:      	              (353, 1),
[92mINFO [0m:      	              (354, 1),
[92mINFO [0m:      	              (355, 1),
[92mINFO [0m:      	              (356, 1),
[92mINFO [0m:      	              (357, 1),
[92mINFO [0m:      	              (358, 1),
[92mINFO [0m:      	              (359, 1),
[92mINFO [0m:      	              (360, 1),
[92mINFO [0m:      	              (361, 1),
[92mINFO [0m:      	              (362, 1),
[92mINFO [0m:      	              (363, 1),
[92mINFO [0m:      	              (364, 1),
[92mINFO [0m:      	              (365, 1),
[92mINFO [0m:      	              (366, 1),
[92mINFO [0m:      	              (367, 1),
[92mINFO [0m:      	              (368, 1),
[92mINFO [0m:      	              (369, 1),
[92mINFO [0m:      	              (370, 1),
[92mINFO [0m:      	              (371, 1),
[92mINFO [0m:      	              (372, 1),
[92mINFO [0m:      	              (373, 1),
[92mINFO [0m:      	              (374, 1),
[92mINFO [0m:      	              (375, 1),
[92mINFO [0m:      	              (376, 1),
[92mINFO [0m:      	              (377, 1),
[92mINFO [0m:      	              (378, 1),
[92mINFO [0m:      	              (379, 1),
[92mINFO [0m:      	              (380, 1),
[92mINFO [0m:      	              (381, 1),
[92mINFO [0m:      	              (382, 1),
[92mINFO [0m:      	              (383, 1),
[92mINFO [0m:      	              (384, 1),
[92mINFO [0m:      	              (385, 1),
[92mINFO [0m:      	              (386, 1),
[92mINFO [0m:      	              (387, 1),
[92mINFO [0m:      	              (388, 1),
[92mINFO [0m:      	              (389, 1),
[92mINFO [0m:      	              (390, 1),
[92mINFO [0m:      	              (391, 1),
[92mINFO [0m:      	              (392, 1),
[92mINFO [0m:      	              (393, 1),
[92mINFO [0m:      	              (394, 1),
[92mINFO [0m:      	              (395, 1),
[92mINFO [0m:      	              (396, 1),
[92mINFO [0m:      	              (397, 1),
[92mINFO [0m:      	              (398, 1),
[92mINFO [0m:      	              (399, 1),
[92mINFO [0m:      	              (400, 1),
[92mINFO [0m:      	              (401, 1),
[92mINFO [0m:      	              (402, 1),
[92mINFO [0m:      	              (403, 1),
[92mINFO [0m:      	              (404, 1),
[92mINFO [0m:      	              (405, 1),
[92mINFO [0m:      	              (406, 1),
[92mINFO [0m:      	              (407, 1),
[92mINFO [0m:      	              (408, 1),
[92mINFO [0m:      	              (409, 1),
[92mINFO [0m:      	              (410, 1),
[92mINFO [0m:      	              (411, 1),
[92mINFO [0m:      	              (412, 1),
[92mINFO [0m:      	              (413, 1),
[92mINFO [0m:      	              (414, 1),
[92mINFO [0m:      	              (415, 1),
[92mINFO [0m:      	              (416, 1),
[92mINFO [0m:      	              (417, 1),
[92mINFO [0m:      	              (418, 1),
[92mINFO [0m:      	              (419, 1),
[92mINFO [0m:      	              (420, 1),
[92mINFO [0m:      	              (421, 1),
[92mINFO [0m:      	              (422, 1),
[92mINFO [0m:      	              (423, 1),
[92mINFO [0m:      	              (424, 1),
[92mINFO [0m:      	              (425, 1),
[92mINFO [0m:      	              (426, 1),
[92mINFO [0m:      	              (427, 1),
[92mINFO [0m:      	              (428, 1),
[92mINFO [0m:      	              (429, 1),
[92mINFO [0m:      	              (430, 1),
[92mINFO [0m:      	              (431, 1),
[92mINFO [0m:      	              (432, 1),
[92mINFO [0m:      	              (433, 1),
[92mINFO [0m:      	              (434, 1),
[92mINFO [0m:      	              (435, 1),
[92mINFO [0m:      	              (436, 1),
[92mINFO [0m:      	              (437, 1),
[92mINFO [0m:      	              (438, 1),
[92mINFO [0m:      	              (439, 1),
[92mINFO [0m:      	              (440, 1),
[92mINFO [0m:      	              (441, 1),
[92mINFO [0m:      	              (442, 1),
[92mINFO [0m:      	              (443, 1),
[92mINFO [0m:      	              (444, 1),
[92mINFO [0m:      	              (445, 1),
[92mINFO [0m:      	              (446, 1),
[92mINFO [0m:      	              (447, 1),
[92mINFO [0m:      	              (448, 1),
[92mINFO [0m:      	              (449, 1),
[92mINFO [0m:      	              (450, 1),
[92mINFO [0m:      	              (451, 1),
[92mINFO [0m:      	              (452, 1),
[92mINFO [0m:      	              (453, 1),
[92mINFO [0m:      	              (454, 1),
[92mINFO [0m:      	              (455, 1),
[92mINFO [0m:      	              (456, 1),
[92mINFO [0m:      	              (457, 1),
[92mINFO [0m:      	              (458, 1),
[92mINFO [0m:      	              (459, 1),
[92mINFO [0m:      	              (460, 1),
[92mINFO [0m:      	              (461, 1),
[92mINFO [0m:      	              (462, 1),
[92mINFO [0m:      	              (463, 1),
[92mINFO [0m:      	              (464, 1),
[92mINFO [0m:      	              (465, 1),
[92mINFO [0m:      	              (466, 1),
[92mINFO [0m:      	              (467, 1),
[92mINFO [0m:      	              (468, 1),
[92mINFO [0m:      	              (469, 1),
[92mINFO [0m:      	              (470, 1),
[92mINFO [0m:      	              (471, 1),
[92mINFO [0m:      	              (472, 1),
[92mINFO [0m:      	              (473, 1),
[92mINFO [0m:      	              (474, 1),
[92mINFO [0m:      	              (475, 1),
[92mINFO [0m:      	              (476, 1),
[92mINFO [0m:      	              (477, 1),
[92mINFO [0m:      	              (478, 1),
[92mINFO [0m:      	              (479, 1),
[92mINFO [0m:      	              (480, 1),
[92mINFO [0m:      	              (481, 1),
[92mINFO [0m:      	              (482, 1),
[92mINFO [0m:      	              (483, 1),
[92mINFO [0m:      	              (484, 1),
[92mINFO [0m:      	              (485, 1),
[92mINFO [0m:      	              (486, 1),
[92mINFO [0m:      	              (487, 1),
[92mINFO [0m:      	              (488, 1),
[92mINFO [0m:      	              (489, 1),
[92mINFO [0m:      	              (490, 1),
[92mINFO [0m:      	              (491, 1),
[92mINFO [0m:      	              (492, 1),
[92mINFO [0m:      	              (493, 1),
[92mINFO [0m:      	              (494, 1),
[92mINFO [0m:      	              (495, 1),
[92mINFO [0m:      	              (496, 1),
[92mINFO [0m:      	              (497, 1),
[92mINFO [0m:      	              (498, 1),
[92mINFO [0m:      	              (499, 1),
[92mINFO [0m:      	              (500, 1)]}
[92mINFO [0m:      
[36m(ClientAppActor pid=100529)[0m Warning: You are sending unauthenticated requests to the HF Hub. Please set a HF_TOKEN to enable higher rate limits and faster downloads.

Loading all client states...
Loading all client states...
Loading all client states...
Loading all client states...
Loading all client states...
Loading all client states...
Loading all client states...
Loading all client states...
Loading all client states...
Loading all client states...
Loading all client states...
Loading all client states...
Loading all client states...
Loading all client states...
Loading all client states...
Loading all client states...
Loading all client states...
Loading all client states...
Loading all client states...
Loading all client states...
Loading all client states...
Loading all client states...
Loading all client states...
Loading all client states...
Loading all client states...
Loading all client states...
Loading all client states...
Loading all client states...
Loading all client states...
Loading all client states...
Loading all client states...
Loading all client states...
Loading all client states...
Loading all client states...
Loading all client states...
Loading all client states...
Loading all client states...
Loading all client states...
Loading all client states...
Loading all client states...
Loading all client states...
Loading all client states...
Loading all client states...
Loading all client states...
Loading all client states...
Loading all client states...
Loading all client states...
Loading all client states...
Loading all client states...
Loading all client states...
Loading all client states...
Loading all client states...
Loading all client states...
Loading all client states...
Loading all client states...
Loading all client states...
Loading all client states...
Loading all client states...
Loading all client states...
Loading all client states...
Loading all client states...
Loading all client states...
Loading all client states...
Loading all client states...
Loading all client states...
Loading all client states...
Loading all client states...
Loading all client states...
Loading all client states...
Loading all client states...
Loading all client states...
Loading all client states...
Loading all client states...
Loading all client states...
Loading all client states...
Loading all client states...
Loading all client states...
Loading all client states...
Loading all client states...
Loading all client states...
Loading all client states...
Loading all client states...
Loading all client states...
Loading all client states...
Loading all client states...
Loading all client states...
Loading all client states...
Loading all client states...
Loading all client states...
Loading all client states...
Loading all client states...
Loading all client states...
Loading all client states...
Loading all client states...
Loading all client states...
Loading all client states...
Loading all client states...
Loading all client states...
Loading all client states...
Loading all client states...
Loading all client states...
Loading all client states...
Loading all client states...
Loading all client states...
Loading all client states...
Loading all client states...
Loading all client states...
Loading all client states...
Loading all client states...
Loading all client states...
Loading all client states...
Loading all client states...
Loading all client states...
Loading all client states...
Loading all client states...
Loading all client states...
Loading all client states...
Loading all client states...
Loading all client states...
Loading all client states...
Loading all client states...
Loading all client states...
Loading all client states...
Loading all client states...
Loading all client states...
Loading all client states...
Loading all client states...
Loading all client states...
Loading all client states...
Loading all client states...
Loading all client states...
Loading all client states...
Loading all client states...
Loading all client states...
Loading all client states...
Loading all client states...
Loading all client states...
Loading all client states...
Loading all client states...
Loading all client states...
Loading all client states...
Loading all client states...
Loading all client states...
Loading all client states...
Loading all client states...
Loading all client states...
Loading all client states...
Loading all client states...
Loading all client states...
Loading all client states...
Loading all client states...
Loading all client states...
Loading all client states...
Loading all client states...
Loading all client states...
Loading all client states...
Loading all client states...
Loading all client states...
Loading all client states...
Loading all client states...
Loading all client states...
Loading all client states...
Loading all client states...
Loading all client states...
Loading all client states...
Loading all client states...
Loading all client states...
Loading all client states...
Loading all client states...
Loading all client states...
Loading all client states...
Loading all client states...
Loading all client states...
Loading all client states...
Loading all client states...
Loading all client states...
Loading all client states...
Loading all client states...
Loading all client states...
Loading all client states...
Loading all client states...
Loading all client states...
Loading all client states...
Loading all client states...
Loading all client states...
Loading all client states...
Loading all client states...
Loading all client states...
Loading all client states...
Loading all client states...
Loading all client states...
Loading all client states...
Loading all client states...
Loading all client states...
Loading all client states...
Loading all client states...
Loading all client states...
Loading all client states...
Loading all client states...
Loading all client states...
Loading all client states...
Loading all client states...
Loading all client states...
Loading all client states...
Loading all client states...
Loading all client states...
Loading all client states...
Loading all client states...
Loading all client states...
Loading all client states...
Loading all client states...
Loading all client states...
Loading all client states...
Loading all client states...
Loading all client states...
Loading all client states...
Loading all client states...
